Station N.,Date,Time,Magnet ID,B (mT),Zero (mT),Numero de Caja,B Absoluto (mT),Medicion Numero
1,2025-01-08,12:07:13,31,9.82,5.92,A1,,
1,2025-01-08,12:07:49,32,9.7,5.92,A1,,
1,2025-01-08,12:14:10,33,9.84,5.82,A1,,
1,2025-01-08,12:15:07,34,9.88,5.82,A1,,
1,2025-01-08,12:15:37,35,9.82,5.82,A1,,
1,2025-01-08,12:16:15,36,9.66,5.82,A1,,
1,2025-01-08,12:17:36,37,9.94,5.82,A1,,
1,2025-01-08,12:18:15,38,9.8,5.82,A1,,
1,2025-01-08,12:18:44,39,9.9,5.82,A1,,
1,2025-01-08,12:19:05,40,9.84,5.82,A1,,
1,2025-01-08,12:24:33,41,9.88,5.82,A2,,
1,2025-01-08,12:24:51,42,9.9,5.82,A2,,
1,2025-01-08,12:25:44,43,9.88,5.82,A2,,
1,2025-01-08,12:26:28,44,9.8,5.82,A2,,
1,2025-01-08,12:27:10,45,9.84,5.82,A2,,
1,2025-01-08,12:27:45,46,9.9,5.82,A2,,
1,2025-01-08,12:28:14,47,9.88,5.82,A2,,
1,2025-01-08,12:29:01,48,9.8,5.82,A2,,
1,2025-01-08,12:29:35,49,9.78,5.82,A2,,
1,2025-01-08,12:30:00,50,9.82,5.82,A2,,
1,2025-01-08,12:31:38,51,9.84,5.82,A3,,
1,2025-01-08,12:32:11,52,9.62,5.82,A3,,
1,2025-01-08,12:32:40,53,9.72,5.82,A3,,
1,2025-01-08,12:33:16,54,9.84,5.82,A3,,
1,2025-01-08,12:33:53,55,9.82,5.82,A3,,
1,2025-01-08,12:34:46,56,9.84,5.82,A3,,
1,2025-01-08,12:35:14,57,9.9,5.82,A3,,
1,2025-01-08,12:35:56,58,9.9,5.82,A3,,
1,2025-01-08,12:36:55,59,9.9,5.82,A3,,
1,2025-01-08,12:37:21,60,9.86,5.82,A3,,
1,2025-01-08,12:38:45,61,9.78,5.82,A4,,
1,2025-01-08,12:39:21,62,9.92,5.82,A4,,
1,2025-01-08,12:40:01,63,9.78,5.82,A4,,
1,2025-01-08,12:40:32,64,9.76,5.82,A4,,
1,2025-01-08,12:41:02,65,9.84,5.82,A4,,
1,2025-01-08,12:41:43,66,9.88,5.82,A4,,
1,2025-01-08,12:42:15,67,9.82,5.82,A4,,
1,2025-01-08,12:43:32,68,9.72,5.82,A4,,
1,2025-01-08,12:44:02,69,9.92,5.82,A4,,
1,2025-01-08,12:44:27,70,9.84,5.82,A4,,
1,2025-01-08,12:49:58,71,9.82,5.82,A5,,
1,2025-01-08,12:50:16,72,9.82,5.82,A5,,
1,2025-01-08,12:51:10,73,9.84,5.82,A5,,
1,2025-01-08,12:52:29,74,9.84,5.82,A5,,
1,2025-01-08,12:53:04,75,9.74,5.82,A5,,
1,2025-01-08,12:53:39,76,9.84,5.82,A5,,
1,2025-01-08,12:54:20,77,9.78,5.82,A5,,
1,2025-01-08,12:54:50,78,9.8,5.82,A5,,
1,2025-01-08,12:55:22,79,9.88,5.82,A5,,
1,2025-01-08,12:55:59,80,9.9,5.82,A5,,
1,2025-01-08,13:00:07,81,9.8,5.82,A6,,
1,2025-01-08,13:00:23,82,9.88,5.82,A6,,
1,2025-01-08,13:00:47,83,9.8,5.82,A6,,
1,2025-01-08,13:01:39,84,9.84,5.82,A6,,
1,2025-01-08,13:02:01,85,9.68,5.82,A6,,
1,2025-01-08,13:02:34,86,9.82,5.82,A6,,
1,2025-01-08,13:03:10,87,9.86,5.82,A6,,
1,2025-01-08,13:03:39,88,9.86,5.82,A6,,
1,2025-01-08,13:04:08,89,9.86,5.82,A6,,
1,2025-01-08,13:04:40,90,9.88,5.82,A6,,
1,2025-01-08,14:35:18,91,9.76,5.82,A7,,
1,2025-01-08,14:37:26,92,9.76,5.82,A7,,
1,2025-01-08,14:38:17,93,9.9,5.82,A7,,
1,2025-01-08,14:39:10,94,9.96,5.82,A7,,
1,2025-01-08,14:39:44,95,9.9,5.82,A7,,
1,2025-01-08,14:40:41,96,9.84,5.82,A7,,
1,2025-01-08,14:41:28,97,9.92,5.82,A7,,
1,2025-01-08,14:42:25,98,9.96,5.82,A7,,
1,2025-01-08,14:43:15,99,9.76,5.82,A7,,
1,2025-01-08,14:43:41,100,9.88,5.82,A7,,
1,2025-01-08,14:44:43,101,9.8,5.82,A8,,
1,2025-01-08,14:45:08,102,9.84,5.82,A8,,
1,2025-01-08,14:46:55,103,9.74,5.82,A8,,
1,2025-01-08,14:47:36,104,9.78,5.82,A8,,
1,2025-01-08,14:48:01,105,9.9,5.82,A8,,
1,2025-01-08,14:49:30,106,9.74,5.82,A8,,
1,2025-01-08,14:50:08,107,9.98,5.82,A8,,
1,2025-01-08,14:50:39,108,9.74,5.82,A8,,
1,2025-01-08,14:51:21,109,9.82,5.82,A8,,
1,2025-01-08,14:51:44,110,9.88,5.82,A8,,
1,2025-01-08,14:52:44,111,9.8,5.82,B1,,
1,2025-01-08,14:53:03,112,9.84,5.82,B1,,
1,2025-01-08,14:53:58,113,9.8,5.82,B1,,
1,2025-01-08,14:54:36,114,9.8,5.82,B1,,
1,2025-01-08,14:55:39,115,9.78,5.82,B1,,
1,2025-01-08,14:56:36,116,9.88,5.82,B1,,
1,2025-01-08,14:57:07,117,9.86,5.82,B1,,
1,2025-01-08,14:57:46,118,9.82,5.82,B1,,
1,2025-01-08,14:58:15,119,9.76,5.82,B1,,
1,2025-01-08,14:58:47,120,9.84,5.82,B1,,
1,2025-01-08,15:00:16,121,9.82,5.82,B2,,
1,2025-01-08,15:00:42,122,9.76,5.82,B2,,
1,2025-01-08,15:01:11,123,9.9,5.82,B2,,
1,2025-01-08,15:02:17,124,9.86,5.82,B2,,
1,2025-01-08,15:02:43,125,9.72,5.82,B2,,
1,2025-01-08,15:03:29,126,9.88,5.82,B2,,
1,2025-01-08,15:03:58,127,9.8,5.82,B2,,
1,2025-01-08,15:04:29,128,9.8,5.82,B2,,
1,2025-01-08,15:05:05,129,9.82,5.82,B2,,
1,2025-01-08,15:05:44,130,9.84,5.82,B2,,
1,2025-01-08,15:06:42,131,9.82,5.82,B3,,
1,2025-01-08,15:07:07,132,9.84,5.82,B3,,
1,2025-01-08,15:07:40,133,9.88,5.82,B3,,
1,2025-01-08,15:08:33,134,9.68,5.82,B3,,
1,2025-01-08,15:09:18,135,9.72,5.82,B3,,
1,2025-01-08,15:10:02,136,9.84,5.82,B3,,
1,2025-01-08,15:10:47,137,9.82,5.82,B3,,
1,2025-01-08,15:11:24,138,9.74,5.82,B3,,
1,2025-01-08,15:11:57,139,9.82,5.82,B3,,
1,2025-01-08,15:12:18,140,9.82,5.82,B3,,
1,2025-01-08,15:13:08,141,9.92,5.82,B4,,
1,2025-01-08,15:13:33,142,9.82,5.82,B4,,
1,2025-01-08,15:13:58,143,9.86,5.82,B4,,
1,2025-01-08,15:14:29,144,9.78,5.82,B4,,
1,2025-01-08,15:14:57,145,9.84,5.82,B4,,
1,2025-01-08,15:15:53,146,9.86,5.82,B4,,
1,2025-01-08,15:16:20,147,9.84,5.82,B4,,
1,2025-01-08,15:16:49,148,9.82,5.82,B4,,
1,2025-01-08,15:17:21,149,9.94,5.82,B4,,
1,2025-01-08,15:17:48,150,9.8,5.82,B4,,
1,2025-01-08,15:18:34,151,9.82,5.82,B5,,
1,2025-01-08,15:19:12,152,9.78,5.82,B5,,
1,2025-01-08,15:19:31,153,9.84,5.82,B5,,
1,2025-01-08,15:20:02,154,9.82,5.82,B5,,
1,2025-01-08,15:20:29,155,9.9,5.82,B5,,
1,2025-01-08,15:21:03,156,9.9,5.82,B5,,
1,2025-01-08,15:21:53,157,9.86,5.82,B5,,
1,2025-01-08,15:22:27,158,9.76,5.82,B5,,
1,2025-01-08,15:23:01,159,9.8,5.82,B5,,
1,2025-01-08,15:23:37,160,9.76,5.82,B5,,
1,2025-01-08,15:25:27,161,9.86,5.82,B6,,
1,2025-01-08,15:26:03,162,9.88,5.82,B6,,
1,2025-01-08,15:26:38,163,9.84,5.82,B6,,
1,2025-01-08,15:27:13,164,9.96,5.82,B6,,
1,2025-01-08,15:27:52,165,9.88,5.82,B6,,
1,2025-01-08,15:28:22,166,9.82,5.82,B6,,
1,2025-01-08,15:28:52,167,9.76,5.82,B6,,
1,2025-01-08,15:29:30,168,9.8,5.82,B6,,
1,2025-01-08,15:29:59,169,9.8,5.82,B6,,
1,2025-01-08,15:30:19,170,9.78,5.82,B6,,
1,2025-01-09,09:56:51,171,9.58,6.16,A1,,
1,2025-01-09,09:57:30,172,9.5,6.16,A1,,
1,2025-01-09,09:58:03,173,9.56,6.16,A1,,
1,2025-01-09,09:58:29,174,9.62,6.16,A1,,
1,2025-01-09,09:59:01,175,9.6,6.16,A1,,
1,2025-01-09,09:59:45,176,9.52,6.16,A1,,
1,2025-01-09,10:00:21,177,9.52,6.16,A1,,
1,2025-01-09,10:00:56,178,9.5,6.16,A1,,
1,2025-01-09,10:01:25,179,9.6,6.16,A1,,
1,2025-01-09,10:01:44,180,9.42,6.16,A1,,
1,2025-01-09,10:16:55,181,9.68,6.16,A1,,
1,2025-01-09,10:17:13,182,9.5,6.16,A1,,
1,2025-01-09,10:17:59,183,9.72,6.16,A1,,
1,2025-01-09,10:18:35,184,9.54,6.16,A1,,
1,2025-01-09,10:18:54,185,9.68,6.16,A1,,
1,2025-01-09,10:19:16,186,9.5,6.16,A1,,
1,2025-01-09,10:19:43,187,9.56,6.16,A1,,
1,2025-01-09,10:20:24,188,9.6,6.16,A1,,
1,2025-01-09,10:20:49,189,9.5,6.16,A1,,
1,2025-01-09,10:21:09,190,9.5,6.16,A1,,
1,2025-01-09,10:35:24,191,9.6,6.16,A2,,
1,2025-01-09,10:35:44,192,9.5,6.16,A2,,
1,2025-01-09,10:36:07,193,9.46,6.16,A2,,
1,2025-01-09,10:36:30,194,9.5,6.16,A2,,
1,2025-01-09,10:37:03,195,9.5,6.16,A2,,
1,2025-01-09,10:37:30,196,9.46,6.16,A2,,
1,2025-01-09,10:37:53,197,9.56,6.16,A2,,
1,2025-01-09,10:38:15,198,9.5,6.16,A2,,
1,2025-01-09,10:38:37,199,9.48,6.16,A2,,
1,2025-01-09,10:38:58,200,9.44,6.16,A2,,
1,2025-01-09,10:40:01,201,9.54,6.16,A2,,
1,2025-01-09,10:40:18,202,9.54,6.16,A2,,
1,2025-01-09,10:41:10,203,9.54,6.16,A2,,
1,2025-01-09,10:41:28,204,9.5,6.16,A2,,
1,2025-01-09,10:41:53,205,9.52,6.16,A2,,
1,2025-01-09,10:42:18,206,9.44,6.16,A2,,
1,2025-01-09,10:42:50,207,9.6,6.16,A2,,
1,2025-01-09,10:43:20,208,9.46,6.16,A2,,
1,2025-01-09,10:43:47,209,9.46,6.16,A2,,
1,2025-01-09,10:44:10,210,9.48,6.16,A2,,
1,2025-01-09,11:01:09,211,9.6,6.16,A3,,
1,2025-01-09,11:01:24,212,9.56,6.16,A3,,
1,2025-01-09,11:01:53,213,9.56,6.16,A3,,
1,2025-01-09,11:02:16,214,9.48,6.16,A3,,
1,2025-01-09,11:03:25,215,9.42,6.16,A3,,
1,2025-01-09,11:03:54,216,9.5,6.16,A3,,
1,2025-01-09,11:04:24,217,9.54,6.16,A3,,
1,2025-01-09,11:04:47,218,9.52,6.16,A3,,
1,2025-01-09,11:06:10,219,9.58,6.16,A3,,
1,2025-01-09,11:06:34,220,9.58,6.16,A3,,
1,2025-01-09,11:08:30,221,9.48,6.16,A3,,
1,2025-01-09,11:08:59,222,9.48,6.16,A3,,
1,2025-01-09,11:09:42,223,9.52,6.16,A3,,
1,2025-01-09,11:10:24,224,9.52,6.16,A3,,
1,2025-01-09,11:10:47,225,9.56,6.16,A3,,
1,2025-01-09,11:11:05,226,9.5,6.16,A3,,
1,2025-01-09,11:11:31,227,9.56,6.16,A3,,
1,2025-01-09,11:11:55,228,9.56,6.16,A3,,
1,2025-01-09,11:12:20,229,9.4,6.16,A3,,
1,2025-01-09,11:12:45,230,9.56,6.16,A3,,
1,2025-01-09,11:26:14,231,9.44,6.16,A4,,
1,2025-01-09,11:26:27,232,9.54,6.16,A4,,
1,2025-01-09,11:26:46,233,9.46,6.16,A4,,
1,2025-01-09,11:27:21,234,9.42,6.16,A4,,
1,2025-01-09,11:27:48,235,9.54,6.16,A4,,
1,2025-01-09,11:28:15,236,9.58,6.16,A4,,
1,2025-01-09,11:28:44,237,9.58,6.16,A4,,
1,2025-01-09,11:29:07,238,9.36,6.16,A4,,
1,2025-01-09,11:29:41,239,9.46,6.16,A4,,
1,2025-01-09,11:30:02,240,9.48,6.16,A4,,
1,2025-01-09,11:31:02,241,9.54,6.16,A4,,
1,2025-01-09,11:31:15,242,9.52,6.16,A4,,
1,2025-01-09,11:31:44,243,9.5,6.16,A4,,
1,2025-01-09,11:32:14,244,9.44,6.16,A4,,
1,2025-01-09,11:32:57,245,9.56,6.16,A4,,
1,2025-01-09,11:33:13,246,9.5,6.16,A4,,
1,2025-01-09,11:33:38,247,9.32,6.16,A4,,
1,2025-01-09,11:34:00,248,9.62,6.16,A4,,
1,2025-01-09,11:34:25,249,9.5,6.16,A4,,
1,2025-01-09,11:34:48,250,9.46,6.16,A4,,
1,2025-01-09,11:43:41,251,9.56,6.16,A5,,
1,2025-01-09,11:43:55,252,9.6,6.16,A5,,
1,2025-01-09,11:44:24,253,9.5,6.16,A5,,
1,2025-01-09,11:45:04,254,9.54,6.16,A5,,
1,2025-01-09,11:45:31,255,9.54,6.16,A5,,
1,2025-01-09,11:46:02,256,9.5,6.16,A5,,
1,2025-01-09,11:46:46,257,9.52,6.16,A5,,
1,2025-01-09,11:47:08,258,9.46,6.16,A5,,
1,2025-01-09,11:47:30,259,9.54,6.16,A5,,
1,2025-01-09,11:47:49,260,9.5,6.16,A5,,
1,2025-01-09,11:48:49,261,9.46,6.16,A5,,
1,2025-01-09,11:49:04,262,9.5,6.16,A5,,
1,2025-01-09,11:49:29,263,9.5,6.16,A5,,
1,2025-01-09,11:49:55,264,9.6,6.16,A5,,
1,2025-01-09,11:50:21,265,9.5,6.16,A5,,
1,2025-01-09,11:51:12,266,9.34,6.16,A5,,
1,2025-01-09,11:51:40,267,9.5,6.16,A5,,
1,2025-01-09,11:52:27,268,9.52,6.16,A5,,
1,2025-01-09,11:52:54,269,9.56,6.16,A5,,
1,2025-01-09,11:53:11,270,9.44,6.16,A5,,
1,2025-01-09,11:54:08,271,9.5,6.16,A6,,
1,2025-01-09,11:54:26,272,9.48,6.16,A6,,
1,2025-01-09,11:55:03,273,9.5,6.16,A6,,
1,2025-01-09,11:56:32,274,9.52,6.16,A6,,
1,2025-01-09,11:57:02,275,9.58,6.16,A6,,
1,2025-01-09,11:57:22,276,9.52,6.16,A6,,
1,2025-01-09,11:57:43,277,9.54,6.16,A6,,
1,2025-01-09,11:58:01,278,9.64,6.16,A6,,
1,2025-01-09,11:58:26,279,9.46,6.16,A6,,
1,2025-01-09,11:58:43,280,9.48,6.16,A6,,
1,2025-01-09,12:00:23,281,9.44,6.16,A6,,
1,2025-01-09,12:00:34,282,9.42,6.16,A6,,
1,2025-01-09,12:00:56,283,9.48,6.16,A6,,
1,2025-01-09,12:01:11,284,9.6,6.16,A6,,
1,2025-01-09,12:01:26,285,9.54,6.16,A6,,
1,2025-01-09,12:01:46,286,9.5,6.16,A6,,
1,2025-01-09,12:02:07,287,9.5,6.16,A6,,
1,2025-01-09,12:02:33,288,9.52,6.16,A6,,
1,2025-01-09,12:02:54,289,9.46,6.16,A6,,
1,2025-01-09,12:03:08,290,9.58,6.16,A6,,
1,2025-01-09,12:04:17,291,9.52,6.16,A7,,
1,2025-01-09,12:04:34,292,9.56,6.16,A7,,
1,2025-01-09,12:04:58,293,9.6,6.16,A7,,
1,2025-01-09,12:05:16,294,9.6,6.16,A7,,
1,2025-01-09,12:05:31,295,9.56,6.16,A7,,
1,2025-01-09,12:05:51,296,9.38,6.16,A7,,
1,2025-01-09,12:06:14,297,9.46,6.16,A7,,
1,2025-01-09,12:06:41,298,9.66,6.16,A7,,
1,2025-01-09,12:07:13,299,9.58,6.16,A7,,
1,2025-01-09,12:07:28,300,9.54,6.16,A7,,
1,2025-01-09,12:09:18,301,9.52,6.16,A7,,
1,2025-01-09,12:09:31,302,9.5,6.16,A7,,
1,2025-01-09,12:09:48,303,9.54,6.16,A7,,
1,2025-01-09,12:10:15,304,9.5,6.16,A7,,
1,2025-01-09,12:10:39,305,9.46,6.16,A7,,
1,2025-01-09,12:10:55,306,9.54,6.16,A7,,
1,2025-01-09,12:11:20,307,9.5,6.16,A7,,
1,2025-01-09,12:11:44,308,9.52,6.16,A7,,
1,2025-01-09,12:12:05,309,9.58,6.16,A7,,
1,2025-01-09,12:12:26,310,9.56,6.16,A7,,
1,2025-01-09,12:13:31,311,9.54,6.16,A8,,
1,2025-01-09,12:13:42,312,9.52,6.16,A8,,
1,2025-01-09,12:13:58,313,9.62,6.16,A8,,
1,2025-01-09,12:14:17,314,9.46,6.16,A8,,
1,2025-01-09,12:14:33,315,9.6,6.16,A8,,
1,2025-01-09,12:14:51,316,9.5,6.16,A8,,
1,2025-01-09,12:15:10,317,9.58,6.16,A8,,
1,2025-01-09,12:15:33,318,9.4,6.16,A8,,
1,2025-01-09,12:15:57,319,9.4,6.16,A8,,
1,2025-01-09,12:16:12,320,9.48,6.16,A8,,
1,2025-01-09,12:17:05,321,9.36,6.16,A8,,
1,2025-01-09,12:17:20,322,9.44,6.16,A8,,
1,2025-01-09,12:17:42,323,9.6,6.16,A8,,
1,2025-01-09,12:18:13,324,9.5,6.16,A8,,
1,2025-01-09,12:18:41,325,9.52,6.16,A8,,
1,2025-01-09,12:18:59,326,9.5,6.16,A8,,
1,2025-01-09,12:19:24,327,9.52,6.16,A8,,
1,2025-01-09,12:19:43,328,9.5,6.16,A8,,
1,2025-01-09,12:20:08,329,9.6,6.16,A8,,
1,2025-01-09,12:20:32,330,9.62,6.16,A8,,
1,2025-01-09,12:22:26,331,9.44,6.16,B1,,
1,2025-01-09,12:22:37,332,9.58,6.16,B1,,
1,2025-01-09,12:22:54,333,9.54,6.16,B1,,
1,2025-01-09,12:23:15,334,9.5,6.16,B1,,
1,2025-01-09,12:23:34,335,9.62,6.16,B1,,
1,2025-01-09,12:24:02,336,9.44,6.16,B1,,
1,2025-01-09,12:24:30,337,9.62,6.16,B1,,
1,2025-01-09,12:24:53,338,9.44,6.16,B1,,
1,2025-01-09,12:25:13,339,9.46,6.16,B1,,
1,2025-01-09,12:25:29,340,9.44,6.16,B1,,
1,2025-01-09,12:26:33,341,9.5,6.16,B1,,
1,2025-01-09,12:26:47,342,9.6,6.16,B1,,
1,2025-01-09,12:27:12,343,9.5,6.16,B1,,
1,2025-01-09,12:27:32,344,9.54,6.16,B1,,
1,2025-01-09,12:28:02,345,9.54,6.16,B1,,
1,2025-01-09,12:28:20,346,9.4,6.16,B1,,
1,2025-01-09,12:28:40,347,9.6,6.16,B1,,
1,2025-01-09,12:29:16,348,9.58,6.16,B1,,
1,2025-01-09,12:30:11,349,9.62,6.16,B1,,
1,2025-01-09,12:30:27,350,9.42,6.16,B1,,
1,2025-01-09,12:31:37,351,9.62,6.16,B2,,
1,2025-01-09,12:31:59,352,9.5,6.16,B2,,
1,2025-01-09,12:32:16,353,9.5,6.16,B2,,
1,2025-01-09,12:32:41,354,9.64,6.16,B2,,
1,2025-01-09,12:33:04,355,9.48,6.16,B2,,
1,2025-01-09,12:33:31,356,9.64,6.16,B2,,
1,2025-01-09,12:34:11,357,9.68,6.16,B2,,
1,2025-01-09,12:34:35,358,9.46,6.16,B2,,
1,2025-01-09,12:34:52,359,9.46,6.16,B2,,
1,2025-01-09,12:35:45,360,9.54,6.16,B2,,
1,2025-01-09,12:37:49,361,9.52,6.16,B2,,
1,2025-01-09,12:38:05,362,9.52,6.16,B2,,
1,2025-01-09,12:38:29,363,9.46,6.16,B2,,
1,2025-01-09,12:38:52,364,9.62,6.16,B2,,
1,2025-01-09,12:39:24,365,9.38,6.16,B2,,
1,2025-01-09,12:39:54,366,9.5,6.16,B2,,
1,2025-01-09,12:40:13,367,9.52,6.16,B2,,
1,2025-01-09,12:41:18,368,9.5,6.16,B2,,
1,2025-01-09,12:41:39,369,9.5,6.16,B2,,
1,2025-01-09,12:42:06,370,9.44,6.16,B2,,
1,2025-01-09,12:43:49,371,9.5,6.16,B3,,
1,2025-01-09,12:44:05,372,9.44,6.16,B3,,
1,2025-01-09,12:44:29,373,9.56,6.16,B3,,
1,2025-01-09,12:44:51,374,9.46,6.16,B3,,
1,2025-01-09,12:45:12,375,9.54,6.16,B3,,
1,2025-01-09,12:45:35,376,9.46,6.16,B3,,
1,2025-01-09,12:45:54,377,9.42,6.16,B3,,
1,2025-01-09,12:46:18,378,9.52,6.16,B3,,
1,2025-01-09,12:46:49,379,9.38,6.16,B3,,
1,2025-01-09,12:47:18,380,9.54,6.16,B3,,
1,2025-01-09,12:48:44,381,9.54,6.16,B3,,
1,2025-01-09,12:48:54,382,9.52,6.16,B3,,
1,2025-01-09,12:49:42,383,9.58,6.16,B3,,
1,2025-01-09,12:50:05,384,9.58,6.16,B3,,
1,2025-01-09,12:50:24,385,9.52,6.16,B3,,
1,2025-01-09,12:50:53,386,9.52,6.16,B3,,
1,2025-01-09,12:51:26,387,9.58,6.16,B3,,
1,2025-01-09,12:51:47,388,9.4,6.16,B3,,
1,2025-01-09,12:52:15,389,9.54,6.16,B3,,
1,2025-01-09,12:53:57,390,9.58,6.16,B3,,
1,2025-01-09,12:54:46,391,9.58,6.16,B4,,
1,2025-01-09,12:55:00,392,9.52,6.16,B4,,
1,2025-01-09,12:55:31,393,9.52,6.16,B4,,
1,2025-01-09,12:55:56,394,9.54,6.16,B4,,
1,2025-01-09,12:56:18,395,9.6,6.16,B4,,
1,2025-01-09,12:57:03,396,9.54,6.16,B4,,
1,2025-01-09,12:57:25,397,9.54,6.16,B4,,
1,2025-01-09,12:57:45,398,9.48,6.16,B4,,
1,2025-01-09,12:58:07,399,9.54,6.16,B4,,
1,2025-01-09,12:58:28,400,9.42,6.16,B4,,
1,2025-01-09,12:59:31,401,9.36,6.16,B4,,
1,2025-01-09,12:59:43,402,9.5,6.16,B4,,
1,2025-01-09,13:00:03,403,9.58,6.16,B4,,
1,2025-01-09,13:00:44,404,9.44,6.16,B4,,
1,2025-01-09,13:01:14,405,9.46,6.16,B4,,
1,2025-01-09,13:01:34,406,9.4,6.16,B4,,
1,2025-01-09,13:02:04,407,9.48,6.16,B4,,
1,2025-01-09,13:02:25,408,9.54,6.16,B4,,
1,2025-01-09,13:02:49,409,9.4,6.16,B4,,
1,2025-01-09,13:03:39,410,9.46,6.16,B4,,
1,2025-01-09,13:05:14,411,9.58,6.16,B5,,
1,2025-01-09,13:05:26,412,9.54,6.16,B5,,
1,2025-01-09,13:05:46,413,9.54,6.16,B5,,
1,2025-01-09,13:06:16,414,9.5,6.16,B5,,
1,2025-01-09,13:06:36,415,9.52,6.16,B5,,
1,2025-01-09,13:06:55,416,9.48,6.16,B5,,
1,2025-01-09,13:07:17,417,9.36,6.16,B5,,
1,2025-01-09,13:07:39,418,9.52,6.16,B5,,
1,2025-01-09,13:08:04,419,9.52,6.16,B5,,
1,2025-01-09,13:08:35,420,9.62,6.16,B5,,
1,2025-01-09,13:09:53,421,9.62,6.16,B5,,
1,2025-01-09,13:10:04,422,9.48,6.16,B5,,
1,2025-01-09,13:10:22,423,9.56,6.16,B5,,
1,2025-01-09,13:10:42,424,9.52,6.16,B5,,
1,2025-01-09,13:10:59,425,9.54,6.16,B5,,
1,2025-01-09,13:11:14,426,9.6,6.16,B5,,
1,2025-01-09,13:11:35,427,9.56,6.16,B5,,
1,2025-01-09,13:12:01,428,9.52,6.16,B5,,
1,2025-01-09,13:12:27,429,9.5,6.16,B5,,
1,2025-01-09,13:12:45,430,9.46,6.16,B5,,
1,2025-01-09,13:13:47,431,9.6,6.16,B6,,
1,2025-01-09,13:13:59,432,9.52,6.16,B6,,
1,2025-01-09,13:14:18,433,9.48,6.16,B6,,
1,2025-01-09,13:14:40,434,9.48,6.16,B6,,
1,2025-01-09,13:14:57,435,9.52,6.16,B6,,
1,2025-01-09,13:15:25,436,9.44,6.16,B6,,
1,2025-01-09,13:15:43,437,9.52,6.16,B6,,
1,2025-01-09,13:15:59,438,9.44,6.16,B6,,
1,2025-01-09,13:16:22,439,9.56,6.16,B6,,
1,2025-01-09,13:16:35,440,9.54,6.16,B6,,
1,2025-01-09,13:17:25,441,9.58,6.16,B6,,
1,2025-01-09,13:17:39,442,9.56,6.16,B6,,
1,2025-01-09,13:18:03,443,9.62,6.16,B6,,
1,2025-01-09,13:18:19,444,9.44,6.16,B6,,
1,2025-01-09,13:18:38,445,9.54,6.16,B6,,
1,2025-01-09,13:18:55,446,9.5,6.16,B6,,
1,2025-01-09,13:19:29,447,9.54,6.16,B6,,
1,2025-01-09,13:19:48,448,9.44,6.16,B6,,
1,2025-01-09,13:20:10,449,9.62,6.16,B6,,
1,2025-01-09,13:20:24,450,9.5,6.16,B6,,
1,2025-01-15,12:23:03,451,9.5,6.08,A1,,
1,2025-01-15,12:23:47,452,9.64,6.08,A1,,
1,2025-01-15,12:24:15,453,9.56,6.08,A1,,
1,2025-01-15,12:24:51,454,9.54,6.08,A1,,
1,2025-01-15,12:25:18,455,9.52,6.08,A1,,
1,2025-01-15,12:25:43,456,9.52,6.08,A1,,
1,2025-01-15,12:26:15,457,9.48,6.08,A1,,
1,2025-01-15,12:26:54,458,9.66,6.08,A1,,
1,2025-01-15,12:27:27,459,9.52,6.08,A1,,
1,2025-01-15,12:27:51,460,9.64,6.08,A1,,
1,2025-01-15,12:29:27,461,9.48,6.08,A1,,
1,2025-01-15,12:29:55,462,9.56,6.08,A1,,
1,2025-01-15,12:30:24,463,9.46,6.08,A1,,
1,2025-01-15,12:31:00,464,9.52,6.08,A1,,
1,2025-01-15,12:33:22,465,9.52,6.08,A1,,
1,2025-01-15,12:33:48,466,9.48,6.08,A1,,
1,2025-01-15,12:34:07,467,9.6,6.08,A1,,
1,2025-01-15,12:34:30,468,9.58,6.08,A1,,
1,2025-01-15,12:34:49,469,9.6,6.08,A1,,
1,2025-01-15,12:35:06,470,9.48,6.08,A1,,
1,2025-01-15,12:36:02,471,9.48,6.08,A1,,
1,2025-01-15,12:36:38,472,9.44,6.08,A1,,
1,2025-01-15,12:37:03,473,9.5,6.08,A1,,
1,2025-01-15,12:37:37,474,9.6,6.08,A1,,
1,2025-01-15,12:38:05,475,9.54,6.08,A1,,
1,2025-01-15,12:39:08,476,9.58,6.08,A1,,
1,2025-01-15,12:39:32,477,9.46,6.08,A1,,
1,2025-01-15,12:40:03,478,9.6,6.08,A1,,
1,2025-01-15,12:40:59,479,9.46,6.08,A1,,
1,2025-01-15,12:41:27,480,9.5,6.08,A1,,
1,2025-01-15,12:42:36,481,9.48,6.08,A2,,
1,2025-01-15,12:42:56,482,9.54,6.08,A2,,
1,2025-01-15,12:43:26,483,9.6,6.08,A2,,
1,2025-01-15,12:43:57,484,9.56,6.08,A2,,
1,2025-01-15,12:44:21,485,9.56,6.08,A2,,
1,2025-01-15,12:44:50,486,9.5,6.08,A2,,
1,2025-01-15,12:45:22,487,9.56,6.08,A2,,
1,2025-01-15,12:45:48,488,9.4,6.08,A2,,
1,2025-01-15,12:46:13,489,9.5,6.08,A2,,
1,2025-01-15,12:46:31,490,9.48,6.08,A2,,
1,2025-01-15,12:47:29,491,9.52,6.08,A2,,
1,2025-01-15,12:47:45,492,9.66,6.08,A2,,
1,2025-01-15,12:48:14,493,9.46,6.08,A2,,
1,2025-01-15,12:48:43,494,9.64,6.08,A2,,
1,2025-01-15,12:49:11,495,9.58,6.08,A2,,
1,2025-01-15,12:49:34,496,9.54,6.08,A2,,
1,2025-01-15,12:50:01,497,9.52,6.08,A2,,
1,2025-01-15,12:50:29,498,9.58,6.08,A2,,
1,2025-01-15,12:50:57,499,9.54,6.08,A2,,
1,2025-01-15,12:51:16,500,9.54,6.08,A2,,
1,2025-01-15,12:52:20,501,9.4,6.08,A2,,
1,2025-01-15,12:52:34,502,9.44,6.08,A2,,
1,2025-01-15,12:53:09,503,9.52,6.08,A2,,
1,2025-01-15,12:53:30,504,9.48,6.08,A2,,
1,2025-01-15,12:53:53,505,9.6,6.08,A2,,
1,2025-01-15,12:54:18,506,9.46,6.08,A2,,
1,2025-01-15,12:54:40,507,9.5,6.08,A2,,
1,2025-01-15,12:55:03,508,9.34,6.08,A2,,
1,2025-01-15,12:55:32,509,9.56,6.08,A2,,
1,2025-01-15,12:55:56,510,9.46,6.08,A2,,
1,2025-01-15,12:57:16,511,9.5,6.08,A3,,
1,2025-01-15,12:57:35,512,9.46,6.08,A3,,
1,2025-01-15,12:58:03,513,9.58,6.08,A3,,
1,2025-01-15,12:59:01,514,9.54,6.08,A3,,
1,2025-01-15,12:59:32,515,9.4,6.08,A3,,
1,2025-01-15,12:59:56,516,9.44,6.08,A3,,
1,2025-01-15,13:00:29,517,9.5,6.08,A3,,
1,2025-01-15,13:00:50,518,9.5,6.08,A3,,
1,2025-01-15,13:01:12,519,9.48,6.08,A3,,
1,2025-01-15,13:01:33,520,9.62,6.08,A3,,
1,2025-01-15,13:03:08,521,9.48,6.08,A3,,
1,2025-01-15,13:03:21,522,9.46,6.08,A3,,
1,2025-01-15,14:14:32,523,9.48,6.08,A3,,
1,2025-01-15,14:14:48,524,9.5,6.08,A3,,
1,2025-01-15,14:15:08,525,9.58,6.08,A3,,
1,2025-01-15,14:15:28,526,9.56,6.08,A3,,
1,2025-01-15,14:15:55,527,9.54,6.08,A3,,
1,2025-01-15,14:16:21,528,9.5,6.08,A3,,
1,2025-01-15,14:16:47,529,9.5,6.08,A3,,
1,2025-01-15,14:17:13,530,9.54,6.08,A3,,
1,2025-01-15,14:18:02,531,9.66,6.08,A3,,
1,2025-01-15,14:18:16,532,9.58,6.08,A3,,
1,2025-01-15,14:18:52,533,9.54,6.08,A3,,
1,2025-01-15,14:19:17,534,9.52,6.08,A3,,
1,2025-01-15,14:19:43,535,9.6,6.08,A3,,
1,2025-01-15,14:20:07,536,9.58,6.08,A3,,
1,2025-01-15,14:20:28,537,9.46,6.08,A3,,
1,2025-01-15,14:21:17,538,9.68,6.08,A3,,
1,2025-01-15,14:21:46,539,9.44,6.08,A3,,
1,2025-01-15,14:22:05,540,9.56,6.08,A3,,
1,2025-01-15,14:31:29,541,9.56,6.08,A4,,
1,2025-01-15,14:31:45,542,9.46,6.08,A4,,
1,2025-01-15,14:32:11,543,9.46,6.08,A4,,
1,2025-01-15,14:32:29,544,9.54,6.08,A4,,
1,2025-01-15,14:32:45,545,9.56,6.08,A4,,
1,2025-01-15,14:33:02,546,9.48,6.08,A4,,
1,2025-01-15,14:33:23,547,9.5,6.08,A4,,
1,2025-01-15,14:33:42,548,9.48,6.08,A4,,
1,2025-01-15,14:34:00,549,9.54,6.08,A4,,
1,2025-01-15,14:34:14,550,9.48,6.08,A4,,
1,2025-01-15,14:35:12,551,9.5,6.08,A4,,
1,2025-01-15,14:35:29,552,9.46,6.08,A4,,
1,2025-01-15,14:35:47,553,9.58,6.08,A4,,
1,2025-01-15,14:36:19,554,9.48,6.08,A4,,
1,2025-01-15,14:36:40,555,9.54,6.08,A4,,
1,2025-01-15,14:37:09,556,9.54,6.08,A4,,
1,2025-01-15,14:37:35,557,9.46,6.08,A4,,
1,2025-01-15,14:38:02,558,9.46,6.08,A4,,
1,2025-01-15,14:38:24,559,9.52,6.08,A4,,
1,2025-01-15,14:38:40,560,9.48,6.08,A4,,
1,2025-01-15,14:39:58,561,9.52,6.08,A4,,
1,2025-01-15,14:40:12,562,9.56,6.08,A4,,
1,2025-01-15,14:40:56,563,9.5,6.08,A4,,
1,2025-01-15,14:41:32,564,9.6,6.08,A4,,
1,2025-01-15,14:41:55,565,9.56,6.08,A4,,
1,2025-01-15,14:42:38,566,9.56,6.08,A4,,
1,2025-01-15,14:42:54,567,9.6,6.08,A4,,
1,2025-01-15,14:43:13,568,9.44,6.08,A4,,
1,2025-01-15,14:43:40,569,9.54,6.08,A4,,
1,2025-01-15,14:44:01,570,9.64,6.08,A4,,
1,2025-01-15,14:44:45,571,9.32,6.08,A5,,
1,2025-01-15,14:44:56,572,9.52,6.08,A5,,
1,2025-01-15,14:45:20,573,9.48,6.08,A5,,
1,2025-01-15,14:45:54,574,9.54,6.08,A5,,
1,2025-01-15,14:46:29,575,9.44,6.08,A5,,
1,2025-01-15,14:46:55,576,9.54,6.08,A5,,
1,2025-01-15,14:47:15,577,9.58,6.08,A5,,
1,2025-01-15,14:47:40,578,9.52,6.08,A5,,
1,2025-01-15,14:47:58,579,9.46,6.08,A5,,
1,2025-01-15,14:48:18,580,9.52,6.08,A5,,
1,2025-01-15,14:49:29,581,9.58,6.08,A5,,
1,2025-01-15,14:49:41,582,9.48,6.08,A5,,
1,2025-01-15,14:49:57,583,9.52,6.08,A5,,
1,2025-01-15,14:50:20,584,9.62,6.08,A5,,
1,2025-01-15,14:50:40,585,9.54,6.08,A5,,
1,2025-01-15,14:51:04,586,9.52,6.08,A5,,
1,2025-01-15,14:51:23,587,9.42,6.08,A5,,
1,2025-01-15,14:52:05,588,9.48,6.08,A5,,
1,2025-01-15,14:52:27,589,9.48,6.08,A5,,
1,2025-01-15,14:52:43,590,9.46,6.08,A5,,
1,2025-01-15,14:53:27,591,9.44,6.08,A5,,
1,2025-01-15,14:53:38,592,9.5,6.08,A5,,
1,2025-01-15,14:54:01,593,9.52,6.08,A5,,
1,2025-01-15,14:54:22,594,9.52,6.08,A5,,
1,2025-01-15,14:54:43,595,9.46,6.08,A5,,
1,2025-01-15,14:55:03,596,9.54,6.08,A5,,
1,2025-01-15,14:55:27,597,9.42,6.08,A5,,
1,2025-01-15,14:55:49,598,9.58,6.08,A5,,
1,2025-01-15,14:56:07,599,9.54,6.08,A5,,
1,2025-01-15,14:56:32,600,9.5,6.08,A5,,
1,2025-01-15,14:58:02,601,9.52,6.08,A6,,
1,2025-01-15,14:58:15,602,9.5,6.08,A6,,
1,2025-01-15,14:58:36,603,9.54,6.08,A6,,
1,2025-01-15,14:58:56,604,9.58,6.08,A6,,
1,2025-01-15,14:59:29,605,9.54,6.08,A6,,
1,2025-01-15,14:59:58,606,9.38,6.08,A6,,
1,2025-01-15,15:00:25,607,9.48,6.08,A6,,
1,2025-01-15,15:00:47,608,9.34,6.08,A6,,
1,2025-01-15,15:02:37,609,9.48,6.08,A6,,
1,2025-01-15,15:03:13,610,9.52,6.08,A6,,
1,2025-01-15,15:04:08,611,9.6,6.08,A6,,
1,2025-01-15,15:04:20,612,9.66,6.08,A6,,
1,2025-01-15,15:05:08,613,9.5,6.08,A6,,
1,2025-01-15,15:05:34,614,9.56,6.08,A6,,
1,2025-01-15,15:06:08,615,9.56,6.08,A6,,
1,2025-01-15,15:06:35,616,9.54,6.08,A6,,
1,2025-01-15,15:07:01,617,9.52,6.08,A6,,
1,2025-01-15,15:07:20,618,9.46,6.08,A6,,
1,2025-01-15,15:07:42,619,9.58,6.08,A6,,
1,2025-01-15,15:08:20,620,9.5,6.08,A6,,
1,2025-01-15,15:09:10,621,9.54,6.08,A6,,
1,2025-01-15,15:09:25,622,9.6,6.08,A6,,
1,2025-01-15,15:09:42,623,9.56,6.08,A6,,
1,2025-01-15,15:10:09,624,9.44,6.08,A6,,
1,2025-01-15,15:10:31,625,9.58,6.08,A6,,
1,2025-01-15,15:10:53,626,9.6,6.08,A6,,
1,2025-01-15,15:11:21,627,9.52,6.08,A6,,
1,2025-01-15,15:11:47,628,9.48,6.08,A6,,
1,2025-01-15,15:12:04,629,9.52,6.08,A6,,
1,2025-01-15,15:12:24,630,9.5,6.08,A6,,
1,2025-01-15,15:14:28,631,9.54,6.08,A7,,
1,2025-01-15,15:14:39,632,9.56,6.08,A7,,
1,2025-01-15,15:15:04,633,9.54,6.08,A7,,
1,2025-01-15,15:15:28,634,9.58,6.08,A7,,
1,2025-01-15,15:16:00,635,9.6,6.08,A7,,
1,2025-01-15,15:16:26,636,9.54,6.08,A7,,
1,2025-01-15,15:16:43,637,9.58,6.08,A7,,
1,2025-01-15,15:17:01,638,9.64,6.08,A7,,
1,2025-01-15,15:17:34,639,9.54,6.08,A7,,
1,2025-01-15,15:17:50,640,9.48,6.08,A7,,
1,2025-01-15,15:19:13,641,9.48,6.08,A7,,
1,2025-01-15,15:19:24,642,9.38,6.08,A7,,
1,2025-01-15,15:19:43,643,9.46,6.08,A7,,
1,2025-01-15,15:20:04,644,9.48,6.08,A7,,
1,2025-01-15,15:20:23,645,9.5,6.08,A7,,
1,2025-01-15,15:20:44,646,9.5,6.08,A7,,
1,2025-01-15,15:21:08,647,9.52,6.08,A7,,
1,2025-01-15,15:21:38,648,9.56,6.08,A7,,
1,2025-01-15,15:22:06,649,9.56,6.08,A7,,
1,2025-01-15,15:22:32,650,9.58,6.08,A7,,
1,2025-01-15,15:23:24,651,9.52,6.08,A7,,
1,2025-01-15,15:23:34,652,9.42,6.08,A7,,
1,2025-01-15,15:24:01,653,9.58,6.08,A7,,
1,2025-01-15,15:25:06,654,9.5,6.08,A7,,
1,2025-01-15,15:25:29,655,9.42,6.08,A7,,
1,2025-01-15,15:25:50,656,9.5,6.08,A7,,
1,2025-01-15,15:26:27,657,9.48,6.08,A7,,
1,2025-01-15,15:26:47,658,9.6,6.08,A7,,
1,2025-01-15,15:27:13,659,9.48,6.08,A7,,
1,2025-01-15,15:27:40,660,9.4,6.08,A7,,
1,2025-01-15,15:29:25,661,9.56,6.08,A8,,
1,2025-01-15,15:29:38,662,9.58,6.08,A8,,
1,2025-01-15,15:30:08,663,9.6,6.08,A8,,
1,2025-01-15,15:31:22,664,9.52,6.08,A8,,
1,2025-01-15,15:31:49,665,9.48,6.08,A8,,
1,2025-01-15,15:32:13,666,9.42,6.08,A8,,
1,2025-01-15,15:32:41,667,9.42,6.08,A8,,
1,2025-01-15,15:33:01,668,9.48,6.08,A8,,
1,2025-01-15,15:33:28,669,9.58,6.08,A8,,
1,2025-01-15,15:33:50,670,9.58,6.08,A8,,
1,2025-01-15,15:35:04,671,9.54,6.08,A8,,
1,2025-01-15,15:35:29,672,9.44,6.08,A8,,
1,2025-01-15,15:35:54,673,9.52,6.08,A8,,
1,2025-01-15,15:36:16,674,9.64,6.08,A8,,
1,2025-01-15,15:36:34,675,9.56,6.08,A8,,
1,2025-01-15,15:37:00,676,9.46,6.08,A8,,
1,2025-01-15,15:37:39,677,9.52,6.08,A8,,
1,2025-01-15,15:38:05,678,9.5,6.08,A8,,
1,2025-01-15,15:38:37,679,9.46,6.08,A8,,
1,2025-01-15,15:38:51,680,9.54,6.08,A8,,
1,2025-01-15,15:39:41,681,9.6,6.08,A8,,
1,2025-01-15,15:39:53,682,9.6,6.08,A8,,
1,2025-01-15,15:40:21,683,9.64,6.08,A8,,
1,2025-01-15,15:40:57,684,9.56,6.08,A8,,
1,2025-01-15,15:41:18,685,9.52,6.08,A8,,
1,2025-01-15,15:41:38,686,9.6,6.08,A8,,
1,2025-01-15,15:42:03,687,9.6,6.08,A8,,
1,2025-01-15,15:42:29,688,9.56,6.08,A8,,
1,2025-01-15,15:43:06,689,9.52,6.08,A8,,
1,2025-01-15,15:43:32,690,9.42,6.08,A8,,
1,2025-01-15,15:46:02,691,9.5,6.08,B1,,
1,2025-01-15,15:46:14,692,9.46,6.08,B1,,
1,2025-01-15,15:46:38,693,9.64,6.08,B1,,
1,2025-01-15,15:47:06,694,9.5,6.08,B1,,
1,2025-01-15,15:47:28,695,9.56,6.08,B1,,
1,2025-01-15,15:47:58,696,9.56,6.08,B1,,
1,2025-01-15,15:48:27,697,9.6,6.08,B1,,
1,2025-01-15,15:48:50,698,9.46,6.08,B1,,
1,2025-01-15,15:49:29,699,9.48,6.08,B1,,
1,2025-01-15,15:49:55,700,9.46,6.08,B1,,
1,2025-01-15,15:51:10,701,9.6,6.08,B1,,
1,2025-01-15,15:51:23,702,9.52,6.08,B1,,
1,2025-01-15,15:51:41,703,9.5,6.08,B1,,
1,2025-01-15,15:52:05,704,9.5,6.08,B1,,
1,2025-01-15,15:52:27,705,9.48,6.08,B1,,
1,2025-01-15,15:53:07,706,9.4,6.08,B1,,
1,2025-01-15,15:53:28,707,9.5,6.08,B1,,
1,2025-01-15,15:53:56,708,9.52,6.08,B1,,
1,2025-01-15,15:54:24,709,9.5,6.08,B1,,
1,2025-01-15,15:55:05,710,9.56,6.08,B1,,
1,2025-01-15,15:56:19,711,9.52,6.08,B1,,
1,2025-01-15,15:56:31,712,9.62,6.08,B1,,
1,2025-01-15,15:56:53,713,9.54,6.08,B1,,
1,2025-01-15,15:57:16,714,9.54,6.08,B1,,
1,2025-01-15,15:57:45,715,9.44,6.08,B1,,
1,2025-01-15,15:58:20,716,9.56,6.08,B1,,
1,2025-01-15,15:58:49,717,9.46,6.08,B1,,
1,2025-01-15,15:59:34,718,9.5,6.08,B1,,
1,2025-01-15,16:00:12,719,9.56,6.08,B1,,
1,2025-01-15,16:00:43,720,9.54,6.08,B1,,
1,2025-01-15,16:02:06,721,9.36,6.08,B2,,
1,2025-01-15,16:02:17,722,9.54,6.08,B2,,
1,2025-01-15,16:02:44,723,9.5,6.08,B2,,
1,2025-01-15,16:03:07,724,9.52,6.08,B2,,
1,2025-01-15,16:03:29,725,9.56,6.08,B2,,
1,2025-01-15,16:03:50,726,9.56,6.08,B2,,
1,2025-01-15,16:04:20,727,9.52,6.08,B2,,
1,2025-01-15,16:04:45,728,9.62,6.08,B2,,
1,2025-01-15,16:05:22,729,9.58,6.08,B2,,
1,2025-01-15,16:05:47,730,9.56,6.08,B2,,
1,2025-01-15,16:07:34,731,9.58,6.08,B2,,
1,2025-01-15,16:07:47,732,9.46,6.08,B2,,
1,2025-01-15,16:08:20,733,9.48,6.08,B2,,
1,2025-01-15,16:08:52,734,9.44,6.08,B2,,
1,2025-01-15,16:09:25,735,9.46,6.08,B2,,
1,2025-01-15,16:09:59,736,9.56,6.08,B2,,
1,2025-01-15,16:10:32,737,9.62,6.08,B2,,
1,2025-01-15,16:11:01,738,9.48,6.08,B2,,
1,2025-01-15,16:11:35,739,9.42,6.08,B2,,
1,2025-01-15,16:12:10,740,9.48,6.08,B2,,
1,2025-01-15,16:13:11,741,9.5,6.08,B2,,
1,2025-01-15,16:13:23,742,9.4,6.08,B2,,
1,2025-01-15,16:13:54,743,9.56,6.08,B2,,
1,2025-01-15,16:14:25,744,9.54,6.08,B2,,
1,2025-01-15,16:15:14,745,9.56,6.08,B2,,
1,2025-01-15,16:15:40,746,9.56,6.08,B2,,
1,2025-01-15,16:16:23,747,9.46,6.08,B2,,
1,2025-01-15,16:16:52,748,9.56,6.08,B2,,
1,2025-01-15,16:17:25,749,9.5,6.08,B2,,
1,2025-01-15,16:18:00,750,9.64,6.08,B2,,
1,2025-01-15,16:19:38,751,9.54,6.08,B3,,
1,2025-01-15,16:19:49,752,9.54,6.08,B3,,
1,2025-01-15,16:20:31,753,9.44,6.08,B3,,
1,2025-01-15,16:20:55,754,9.5,6.08,B3,,
1,2025-01-15,16:21:37,755,9.5,6.08,B3,,
1,2025-01-15,16:22:28,756,9.34,6.08,B3,,
1,2025-01-15,16:22:53,757,9.48,6.08,B3,,
1,2025-01-15,16:23:32,758,9.52,6.08,B3,,
1,2025-01-15,16:24:04,759,9.5,6.08,B3,,
1,2025-01-15,16:24:42,760,9.38,6.08,B3,,
1,2025-01-15,16:27:41,761,9.54,6.08,B3,,
1,2025-01-15,16:28:09,762,9.48,6.08,B3,,
1,2025-01-15,16:28:46,763,9.52,6.08,B3,,
1,2025-01-15,16:29:12,764,9.56,6.08,B3,,
1,2025-01-15,16:30:05,765,9.46,6.08,B3,,
1,2025-01-15,16:30:46,766,9.5,6.08,B3,,
1,2025-01-15,16:31:11,767,9.5,6.08,B3,,
1,2025-01-15,16:31:54,768,9.5,6.08,B3,,
1,2025-01-15,16:32:17,769,9.5,6.08,B3,,
1,2025-01-15,16:32:40,770,9.46,6.08,B3,,
1,2025-01-15,16:33:33,771,9.5,6.08,B3,,
1,2025-01-15,16:33:47,772,9.6,6.08,B3,,
1,2025-01-15,16:34:06,773,9.52,6.08,B3,,
1,2025-01-15,16:34:26,774,9.52,6.08,B3,,
1,2025-01-15,16:35:01,775,9.46,6.08,B3,,
1,2025-01-15,16:35:25,776,9.48,6.08,B3,,
1,2025-01-15,16:35:59,777,9.48,6.08,B3,,
1,2025-01-15,16:36:30,778,9.52,6.08,B3,,
1,2025-01-15,16:36:57,779,9.48,6.08,B3,,
1,2025-01-15,16:37:36,780,9.54,6.08,B3,,
1,2025-01-15,16:39:21,781,9.56,6.08,B4,,
1,2025-01-15,16:39:32,782,9.44,6.08,B4,,
1,2025-01-15,16:40:01,783,9.58,6.08,B4,,
1,2025-01-15,16:40:22,784,9.44,6.08,B4,,
1,2025-01-15,16:40:57,785,9.36,6.08,B4,,
1,2025-01-15,16:41:47,786,9.56,6.08,B4,,
1,2025-01-15,16:42:13,787,9.52,6.08,B4,,
1,2025-01-15,16:42:44,788,9.58,6.08,B4,,
1,2025-01-15,16:43:17,789,9.46,6.08,B4,,
1,2025-01-15,16:43:42,790,9.48,6.08,B4,,
1,2025-01-15,16:45:08,791,9.54,6.08,B4,,
1,2025-01-15,16:45:22,792,9.52,6.08,B4,,
1,2025-01-15,16:45:59,793,9.54,6.08,B4,,
1,2025-01-15,16:46:19,794,9.48,6.08,B4,,
1,2025-01-15,16:46:47,795,9.54,6.08,B4,,
1,2025-01-15,16:47:11,796,9.42,6.08,B4,,
1,2025-01-15,16:47:36,797,9.52,6.08,B4,,
1,2025-01-15,16:48:10,798,9.58,6.08,B4,,
1,2025-01-15,16:48:46,799,9.54,6.08,B4,,
1,2025-01-15,16:49:11,800,9.62,6.08,B4,,
1,2025-01-15,16:50:38,801,9.48,6.08,B4,,
1,2025-01-15,16:50:53,802,9.52,6.08,B4,,
1,2025-01-15,16:51:17,803,9.48,6.08,B4,,
1,2025-01-15,16:51:51,804,9.48,6.08,B4,,
1,2025-01-15,16:52:39,805,9.48,6.08,B4,,
1,2025-01-15,16:52:59,806,9.5,6.08,B4,,
1,2025-01-15,16:53:25,807,9.54,6.08,B4,,
1,2025-01-15,16:53:49,808,9.64,6.08,B4,,
1,2025-01-15,16:54:20,809,9.54,6.08,B4,,
1,2025-01-15,16:54:42,810,9.46,6.08,B4,,
1,2025-01-15,16:56:30,811,9.56,6.08,B5,,
1,2025-01-15,16:57:00,812,9.56,6.08,B5,,
1,2025-01-15,16:57:18,813,9.54,6.08,B5,,
1,2025-01-15,16:57:41,814,9.52,6.08,B5,,
1,2025-01-15,16:58:44,815,9.58,6.08,B5,,
1,2025-01-15,16:59:42,816,9.52,6.08,B5,,
1,2025-01-15,17:00:17,817,9.52,6.08,B5,,
1,2025-01-15,17:00:44,818,9.5,6.08,B5,,
1,2025-01-15,17:01:21,819,9.64,6.08,B5,,
1,2025-01-15,17:01:44,820,9.46,6.08,B5,,
1,2025-01-15,17:02:43,821,9.56,6.08,B5,,
1,2025-01-15,17:02:56,822,9.62,6.08,B5,,
1,2025-01-15,17:03:18,823,9.5,6.08,B5,,
1,2025-01-15,17:03:36,824,9.58,6.08,B5,,
1,2025-01-15,17:04:01,825,9.56,6.08,B5,,
1,2025-01-15,17:04:28,826,9.44,6.08,B5,,
1,2025-01-15,17:05:03,827,9.46,6.08,B5,,
1,2025-01-15,17:05:37,828,9.6,6.08,B5,,
1,2025-01-15,17:05:58,829,9.48,6.08,B5,,
1,2025-01-15,17:06:20,830,9.48,6.08,B5,,
1,2025-01-15,17:07:49,831,9.56,6.08,B5,,
1,2025-01-15,17:07:59,832,9.46,6.08,B5,,
1,2025-01-15,17:08:38,833,9.52,6.08,B5,,
1,2025-01-15,17:08:58,834,9.44,6.08,B5,,
1,2025-01-15,17:09:22,835,9.58,6.08,B5,,
1,2025-01-15,17:10:02,836,9.62,6.08,B5,,
1,2025-01-15,17:10:32,837,9.56,6.08,B5,,
1,2025-01-15,17:10:56,838,9.54,6.08,B5,,
1,2025-01-15,17:11:19,839,9.52,6.08,B5,,
1,2025-01-15,17:11:39,840,9.48,6.08,B5,,
1,2025-01-16,11:02:15,841,9.5,6.12,A1,,
1,2025-01-16,11:02:41,842,9.6,6.12,A1,,
1,2025-01-16,11:03:34,843,9.58,6.12,A1,,
1,2025-01-16,11:04:03,844,9.6,6.12,A1,,
1,2025-01-16,11:04:24,845,9.62,6.12,A1,,
1,2025-01-16,11:04:45,846,9.44,6.12,A1,,
1,2025-01-16,11:05:19,847,9.62,6.12,A1,,
1,2025-01-16,11:05:49,848,9.56,6.12,A1,,
1,2025-01-16,11:06:24,849,9.66,6.12,A1,,
1,2025-01-16,11:06:46,850,9.46,6.12,A1,,
1,2025-01-16,11:08:05,851,9.54,6.12,A1,,
1,2025-01-16,11:08:20,852,9.54,6.12,A1,,
1,2025-01-16,11:09:05,853,9.66,6.12,A1,,
1,2025-01-16,11:09:22,854,9.6,6.12,A1,,
1,2025-01-16,11:09:51,855,9.6,6.12,A1,,
1,2025-01-16,11:10:22,856,9.6,6.12,A1,,
1,2025-01-16,11:10:46,857,9.62,6.12,A1,,
1,2025-01-16,11:11:09,858,9.58,6.12,A1,,
1,2025-01-16,11:11:40,859,9.52,6.12,A1,,
1,2025-01-16,11:12:01,860,9.54,6.12,A1,,
1,2025-01-16,11:13:11,861,9.64,6.12,A1,,
1,2025-01-16,11:13:23,862,9.58,6.12,A1,,
1,2025-01-16,11:13:45,863,9.62,6.12,A1,,
1,2025-01-16,11:14:13,864,9.62,6.12,A1,,
1,2025-01-16,11:14:40,865,9.74,6.12,A1,,
1,2025-01-16,11:15:21,866,9.54,6.12,A1,,
1,2025-01-16,11:15:49,867,9.6,6.12,A1,,
1,2025-01-16,11:16:09,868,9.6,6.12,A1,,
1,2025-01-16,11:16:32,869,9.52,6.12,A1,,
1,2025-01-16,11:16:52,870,9.48,6.12,A1,,
1,2025-01-16,11:17:48,871,9.62,6.12,A1,,
1,2025-01-16,11:18:03,872,9.52,6.12,A1,,
1,2025-01-16,11:18:25,873,9.62,6.12,A1,,
1,2025-01-16,11:18:49,874,9.64,6.12,A1,,
1,2025-01-16,11:19:11,875,9.6,6.12,A1,,
1,2025-01-16,11:19:45,876,9.62,6.12,A1,,
1,2025-01-16,11:20:19,877,9.5,6.12,A1,,
1,2025-01-16,11:20:44,878,9.56,6.12,A1,,
1,2025-01-16,11:21:23,879,9.58,6.12,A1,,
1,2025-01-16,11:21:48,880,9.4,6.12,A1,,
1,2025-01-16,11:22:48,881,9.48,6.12,A2,,
1,2025-01-16,11:23:00,882,9.6,6.12,A2,,
1,2025-01-16,11:23:25,883,9.68,6.12,A2,,
1,2025-01-16,11:23:49,884,9.54,6.12,A2,,
1,2025-01-16,11:24:12,885,9.5,6.12,A2,,
1,2025-01-16,11:24:40,886,9.46,6.12,A2,,
1,2025-01-16,11:25:07,887,9.54,6.12,A2,,
1,2025-01-16,11:25:34,888,9.58,6.12,A2,,
1,2025-01-16,11:26:07,889,9.54,6.12,A2,,
1,2025-01-16,11:26:30,890,9.54,6.12,A2,,
1,2025-01-16,11:27:24,891,9.62,6.12,A2,,
1,2025-01-16,11:27:37,892,9.58,6.12,A2,,
1,2025-01-16,11:27:57,893,9.58,6.12,A2,,
1,2025-01-16,11:28:27,894,9.58,6.12,A2,,
1,2025-01-16,11:29:01,895,9.48,6.12,A2,,
1,2025-01-16,11:29:42,896,9.6,6.12,A2,,
1,2025-01-16,11:30:06,897,9.66,6.12,A2,,
1,2025-01-16,11:30:34,898,9.52,6.12,A2,,
1,2025-01-16,11:31:06,899,9.66,6.12,A2,,
1,2025-01-16,11:31:28,900,9.5,6.12,A2,,
1,2025-01-16,11:33:11,901,9.6,6.12,A2,,
1,2025-01-16,11:33:21,902,9.64,6.12,A2,,
1,2025-01-16,11:34:40,903,9.5,6.12,A2,,
1,2025-01-16,11:35:19,904,9.5,6.12,A2,,
1,2025-01-16,11:35:43,905,9.62,6.12,A2,,
1,2025-01-16,11:36:05,906,9.5,6.12,A2,,
1,2025-01-16,11:36:36,907,9.58,6.12,A2,,
1,2025-01-16,11:37:03,908,9.48,6.12,A2,,
1,2025-01-16,11:37:41,909,9.56,6.12,A2,,
1,2025-01-16,11:38:01,910,9.42,6.12,A2,,
1,2025-01-16,11:39:16,911,9.56,6.12,A2,,
1,2025-01-16,11:39:39,912,9.5,6.12,A2,,
1,2025-01-16,11:40:23,913,9.58,6.12,A2,,
1,2025-01-16,11:40:46,914,9.52,6.12,A2,,
1,2025-01-16,11:41:20,915,9.52,6.12,A2,,
1,2025-01-16,11:41:50,916,9.56,6.12,A2,,
1,2025-01-16,11:42:29,917,9.52,6.12,A2,,
1,2025-01-16,11:43:30,918,9.48,6.12,A2,,
1,2025-01-16,11:43:54,919,9.6,6.12,A2,,
1,2025-01-16,11:44:12,920,9.6,6.12,A2,,
1,2025-01-16,11:45:24,921,9.38,6.12,A3,,
1,2025-01-16,11:45:38,922,9.58,6.12,A3,,
1,2025-01-16,11:46:01,923,9.5,6.12,A3,,
1,2025-01-16,11:46:34,924,9.56,6.12,A3,,
1,2025-01-16,11:47:04,925,9.52,6.12,A3,,
1,2025-01-16,11:47:27,926,9.54,6.12,A3,,
1,2025-01-16,11:48:08,927,9.66,6.12,A3,,
1,2025-01-16,11:48:44,928,9.62,6.12,A3,,
1,2025-01-16,11:49:25,929,9.56,6.12,A3,,
1,2025-01-16,11:49:56,930,9.54,6.12,A3,,
1,2025-01-16,11:54:24,931,9.5,6.12,A3,,
1,2025-01-16,11:54:37,932,9.5,6.12,A3,,
1,2025-01-16,11:55:14,933,9.6,6.12,A3,,
1,2025-01-16,11:55:38,934,9.52,6.12,A3,,
1,2025-01-16,11:56:14,935,9.44,6.12,A3,,
1,2025-01-16,11:56:45,936,9.58,6.12,A3,,
1,2025-01-16,11:57:03,937,9.6,6.12,A3,,
1,2025-01-16,11:57:27,938,9.48,6.12,A3,,
1,2025-01-16,11:58:14,939,9.62,6.12,A3,,
1,2025-01-16,11:58:37,940,9.52,6.12,A3,,
1,2025-01-16,12:01:24,941,9.58,6.12,A3,,
1,2025-01-16,12:01:38,942,9.48,6.12,A3,,
1,2025-01-16,12:02:05,943,9.58,6.12,A3,,
1,2025-01-16,12:02:48,944,9.6,6.12,A3,,
1,2025-01-16,12:03:30,945,9.6,6.12,A3,,
1,2025-01-16,12:04:02,946,9.58,6.12,A3,,
1,2025-01-16,12:04:37,947,9.48,6.12,A3,,
1,2025-01-16,12:05:19,948,9.42,6.12,A3,,
1,2025-01-16,12:05:52,949,9.58,6.12,A3,,
1,2025-01-16,12:06:24,950,9.54,6.12,A3,,
1,2025-01-16,12:07:36,951,9.48,6.12,A3,,
1,2025-01-16,12:07:52,952,9.62,6.12,A3,,
1,2025-01-16,12:08:13,953,9.54,6.12,A3,,
1,2025-01-16,12:08:42,954,9.5,6.12,A3,,
1,2025-01-16,12:09:11,955,9.52,6.12,A3,,
1,2025-01-16,12:09:36,956,9.46,6.12,A3,,
1,2025-01-16,12:10:55,957,9.54,6.12,A3,,
1,2025-01-16,12:11:27,958,9.46,6.12,A3,,
1,2025-01-16,12:12:19,959,9.5,6.12,A3,,
1,2025-01-16,12:12:45,960,9.58,6.12,A3,,
1,2025-01-16,12:14:18,961,9.52,6.12,A4,,
1,2025-01-16,12:14:32,962,9.52,6.12,A4,,
1,2025-01-16,12:15:08,963,9.54,6.12,A4,,
1,2025-01-16,12:15:51,964,9.58,6.12,A4,,
1,2025-01-16,12:16:30,965,9.5,6.12,A4,,
1,2025-01-16,12:17:05,966,9.5,6.12,A4,,
1,2025-01-16,12:17:30,967,9.48,6.12,A4,,
1,2025-01-16,12:18:19,968,9.56,6.12,A4,,
1,2025-01-16,12:18:49,969,9.5,6.12,A4,,
1,2025-01-16,12:19:22,970,9.52,6.12,A4,,
1,2025-01-16,12:20:52,971,9.5,6.12,A4,,
1,2025-01-16,12:21:04,972,9.52,6.12,A4,,
1,2025-01-16,12:21:24,973,9.64,6.12,A4,,
1,2025-01-16,12:22:10,974,9.56,6.12,A4,,
1,2025-01-16,12:22:52,975,9.62,6.12,A4,,
1,2025-01-16,12:23:22,976,9.56,6.12,A4,,
1,2025-01-16,12:23:48,977,9.42,6.12,A4,,
1,2025-01-16,12:24:19,978,9.56,6.12,A4,,
1,2025-01-16,12:25:00,979,9.56,6.12,A4,,
1,2025-01-16,12:25:22,980,9.54,6.12,A4,,
1,2025-01-16,12:27:17,981,9.48,6.12,A4,,
1,2025-01-16,12:27:30,982,9.42,6.12,A4,,
1,2025-01-16,12:28:08,983,9.58,6.12,A4,,
1,2025-01-16,12:28:37,984,9.56,6.12,A4,,
1,2025-01-16,12:29:06,985,9.5,6.12,A4,,
1,2025-01-16,12:30:12,986,9.6,6.12,A4,,
1,2025-01-16,12:30:45,987,9.56,6.12,A4,,
1,2025-01-16,12:31:37,988,9.58,6.12,A4,,
1,2025-01-16,12:32:14,989,9.6,6.12,A4,,
1,2025-01-16,12:32:51,990,9.42,6.12,A4,,
1,2025-01-16,12:34:30,991,9.54,6.12,A4,,
1,2025-01-16,12:34:47,992,9.52,6.12,A4,,
1,2025-01-16,12:35:17,993,9.52,6.12,A4,,
1,2025-01-16,12:35:46,994,9.64,6.12,A4,,
1,2025-01-16,12:36:27,995,9.68,6.12,A4,,
1,2025-01-16,12:36:59,996,9.62,6.12,A4,,
1,2025-01-16,12:37:40,997,9.52,6.12,A4,,
1,2025-01-16,12:38:11,998,9.42,6.12,A4,,
1,2025-01-16,12:40:20,999,9.56,6.12,A4,,
1,2025-01-16,12:41:10,1000,9.48,6.12,A4,,
1,2025-01-16,12:42:43,1001,9.54,6.12,A5,,
1,2025-01-16,12:42:59,1002,9.52,6.12,A5,,
1,2025-01-16,12:43:36,1003,9.54,6.12,A5,,
1,2025-01-16,12:44:34,1004,9.48,6.12,A5,,
1,2025-01-16,12:45:11,1005,9.56,6.12,A5,,
1,2025-01-16,12:45:46,1006,9.54,6.12,A5,,
1,2025-01-16,12:46:27,1007,9.44,6.12,A5,,
1,2025-01-16,12:47:02,1008,9.44,6.12,A5,,
1,2025-01-16,12:47:28,1009,9.56,6.12,A5,,
1,2025-01-16,12:48:10,1010,9.52,6.12,A5,,
1,2025-01-16,12:54:12,1011,9.46,6.12,A5,,
1,2025-01-16,12:54:29,1012,9.58,6.12,A5,,
1,2025-01-16,12:55:03,1013,9.54,6.12,A5,,
1,2025-01-16,12:55:37,1014,9.64,6.12,A5,,
1,2025-01-16,12:56:29,1015,9.54,6.12,A5,,
1,2025-01-16,12:57:37,1016,9.54,6.12,A5,,
1,2025-01-16,12:58:19,1017,9.56,6.12,A5,,
1,2025-01-16,12:58:42,1018,9.48,6.12,A5,,
1,2025-01-16,12:59:06,1019,9.56,6.12,A5,,
1,2025-01-16,14:36:50,1020,9.5,6.1,A5,,
1,2025-01-16,14:37:22,1021,9.42,6.1,A5,,
1,2025-01-16,14:37:33,1022,9.54,6.1,A5,,
1,2025-01-16,14:38:00,1023,9.4,6.1,A5,,
1,2025-01-16,14:38:34,1024,9.6,6.1,A5,,
1,2025-01-16,14:39:55,1025,9.58,6.1,A5,,
1,2025-01-16,14:40:41,1026,9.48,6.1,A5,,
1,2025-01-16,14:41:03,1027,9.5,6.1,A5,,
1,2025-01-16,14:41:27,1028,9.52,6.1,A5,,
1,2025-01-16,14:41:59,1029,9.5,6.1,A5,,
1,2025-01-16,14:42:21,1030,9.46,6.1,A5,,
1,2025-01-16,14:44:17,1031,9.46,6.1,A5,,
1,2025-01-16,14:44:37,1032,9.54,6.1,A5,,
1,2025-01-16,14:45:05,1033,9.54,6.1,A5,,
1,2025-01-16,14:45:26,1034,9.68,6.1,A5,,
1,2025-01-16,14:45:48,1035,9.5,6.1,A5,,
1,2025-01-16,14:46:21,1036,9.48,6.1,A5,,
1,2025-01-16,14:47:09,1037,9.6,6.1,A5,,
1,2025-01-16,14:47:33,1038,9.56,6.1,A5,,
1,2025-01-16,14:47:59,1039,9.52,6.1,A5,,
1,2025-01-16,14:48:40,1040,9.52,6.1,A5,,
1,2025-01-16,14:49:40,1041,9.5,6.1,A6,,
1,2025-01-16,14:50:03,1042,9.44,6.1,A6,,
1,2025-01-16,14:50:21,1043,9.54,6.1,A6,,
1,2025-01-16,14:50:56,1044,9.52,6.1,A6,,
1,2025-01-16,14:51:21,1045,9.48,6.1,A6,,
1,2025-01-16,14:51:59,1046,9.54,6.1,A6,,
1,2025-01-16,14:52:26,1047,9.54,6.1,A6,,
1,2025-01-16,14:52:50,1048,9.5,6.1,A6,,
1,2025-01-16,14:53:12,1049,9.5,6.1,A6,,
1,2025-01-16,14:53:39,1050,9.46,6.1,A6,,
1,2025-01-16,14:55:32,1051,9.42,6.1,A6,,
1,2025-01-16,14:55:44,1052,9.46,6.1,A6,,
1,2025-01-16,14:56:05,1053,9.46,6.1,A6,,
1,2025-01-16,14:56:29,1054,9.5,6.1,A6,,
1,2025-01-16,14:56:54,1055,9.48,6.1,A6,,
1,2025-01-16,14:57:22,1056,9.54,6.1,A6,,
1,2025-01-16,14:57:55,1057,9.56,6.1,A6,,
1,2025-01-16,14:58:21,1058,9.42,6.1,A6,,
1,2025-01-16,14:58:49,1059,9.46,6.1,A6,,
1,2025-01-16,14:59:16,1060,9.42,6.1,A6,,
1,2025-01-16,15:00:57,1061,9.4,6.1,A6,,
1,2025-01-16,15:01:21,1062,9.48,6.1,A6,,
1,2025-01-16,15:01:49,1063,9.58,6.1,A6,,
1,2025-01-16,15:02:14,1064,9.44,6.1,A6,,
1,2025-01-16,15:02:39,1065,9.52,6.1,A6,,
1,2025-01-16,15:03:45,1066,9.42,6.1,A6,,
1,2025-01-16,15:04:08,1067,9.54,6.1,A6,,
1,2025-01-16,15:04:33,1068,9.5,6.1,A6,,
1,2025-01-16,15:05:22,1069,9.52,6.1,A6,,
1,2025-01-16,15:06:12,1070,9.5,6.1,A6,,
1,2025-01-16,15:07:15,1071,9.36,6.1,A6,,
1,2025-01-16,15:07:44,1072,9.4,6.1,A6,,
1,2025-01-16,15:08:42,1073,9.5,6.1,A6,,
1,2025-01-16,15:09:05,1074,9.5,6.1,A6,,
1,2025-01-16,15:09:48,1075,9.54,6.1,A6,,
1,2025-01-16,15:10:16,1076,9.52,6.1,A6,,
1,2025-01-16,15:10:45,1077,9.46,6.1,A6,,
1,2025-01-16,15:11:11,1078,9.44,6.1,A6,,
1,2025-01-16,15:11:34,1079,9.48,6.1,A6,,
1,2025-01-16,15:11:57,1080,9.54,6.1,A6,,
1,2025-01-16,15:13:10,1081,9.56,6.1,A7,,
1,2025-01-16,15:13:25,1082,9.46,6.1,A7,,
1,2025-01-16,15:14:26,1083,9.44,6.1,A7,,
1,2025-01-16,15:14:45,1084,9.44,6.1,A7,,
1,2025-01-16,15:15:05,1085,9.46,6.1,A7,,
1,2025-01-16,15:15:26,1086,9.6,6.1,A7,,
1,2025-01-16,15:15:47,1087,9.46,6.1,A7,,
1,2025-01-16,15:16:13,1088,9.42,6.1,A7,,
1,2025-01-16,15:16:33,1089,9.46,6.1,A7,,
1,2025-01-16,15:16:57,1090,9.46,6.1,A7,,
1,2025-01-16,15:17:58,1091,9.46,6.1,A7,,
1,2025-01-16,15:18:12,1092,9.58,6.1,A7,,
1,2025-01-16,15:18:59,1093,9.58,6.1,A7,,
1,2025-01-16,15:19:26,1094,9.46,6.1,A7,,
1,2025-01-16,15:19:56,1095,9.48,6.1,A7,,
1,2025-01-16,15:20:41,1096,9.48,6.1,A7,,
1,2025-01-16,15:21:17,1097,9.42,6.1,A7,,
1,2025-01-16,15:21:46,1098,9.5,6.1,A7,,
1,2025-01-16,15:23:02,1099,9.48,6.1,A7,,
1,2025-01-16,15:23:19,1100,9.54,6.1,A7,,
1,2025-01-16,15:24:33,1101,9.42,6.1,A7,,
1,2025-01-16,15:24:47,1102,9.46,6.1,A7,,
1,2025-01-16,15:25:09,1103,9.54,6.1,A7,,
1,2025-01-16,15:25:30,1104,9.54,6.1,A7,,
1,2025-01-16,15:25:54,1105,9.54,6.1,A7,,
1,2025-01-16,15:26:18,1106,9.52,6.1,A7,,
1,2025-01-16,15:26:44,1107,9.52,6.1,A7,,
1,2025-01-16,15:27:04,1108,9.5,6.1,A7,,
1,2025-01-16,15:27:26,1109,9.46,6.1,A7,,
1,2025-01-16,15:28:15,1110,9.44,6.1,A7,,
1,2025-01-16,15:30:15,1111,9.42,6.1,A7,,
1,2025-01-16,15:30:30,1112,9.44,6.1,A7,,
1,2025-01-16,15:30:51,1113,9.46,6.1,A7,,
1,2025-01-16,15:31:12,1114,9.54,6.1,A7,,
1,2025-01-16,15:31:39,1115,9.5,6.1,A7,,
1,2025-01-16,15:32:14,1116,9.4,6.1,A7,,
1,2025-01-16,15:33:06,1117,9.44,6.1,A7,,
1,2025-01-16,15:33:31,1118,9.46,6.1,A7,,
1,2025-01-16,15:34:15,1119,9.48,6.1,A7,,
1,2025-01-16,15:34:32,1120,9.48,6.1,A7,,
1,2025-01-16,15:36:33,1121,9.44,6.1,A8,,
1,2025-01-16,15:36:46,1122,9.52,6.1,A8,,
1,2025-01-16,15:37:23,1123,9.52,6.1,A8,,
1,2025-01-16,15:37:48,1124,9.34,6.1,A8,,
1,2025-01-16,15:38:23,1125,9.36,6.1,A8,,
1,2025-01-16,15:39:11,1126,9.42,6.1,A8,,
1,2025-01-16,15:39:41,1127,9.48,6.1,A8,,
1,2025-01-16,15:40:12,1128,9.42,6.1,A8,,
1,2025-01-16,15:41:10,1129,9.42,6.1,A8,,
1,2025-01-16,15:41:30,1130,9.4,6.1,A8,,
1,2025-01-16,15:44:24,1131,9.44,6.1,A8,,
1,2025-01-16,15:45:26,1132,9.56,6.1,A8,,
1,2025-01-16,15:45:44,1133,9.56,6.1,A8,,
1,2025-01-16,15:46:04,1134,9.48,6.1,A8,,
1,2025-01-16,15:46:35,1135,9.58,6.1,A8,,
1,2025-01-16,15:47:16,1136,9.42,6.1,A8,,
1,2025-01-16,15:47:37,1137,9.5,6.1,A8,,
1,2025-01-16,15:48:26,1138,9.48,6.1,A8,,
1,2025-01-16,15:48:46,1139,9.44,6.1,A8,,
1,2025-01-16,15:49:04,1140,9.52,6.1,A8,,
1,2025-01-16,15:50:16,1141,9.5,6.1,A8,,
1,2025-01-16,15:50:40,1142,9.4,6.1,A8,,
1,2025-01-16,15:50:59,1143,9.56,6.1,A8,,
1,2025-01-16,15:51:18,1144,9.42,6.1,A8,,
1,2025-01-16,15:51:39,1145,9.52,6.1,A8,,
1,2025-01-16,15:52:04,1146,9.4,6.1,A8,,
1,2025-01-16,15:52:51,1147,9.44,6.1,A8,,
1,2025-01-16,15:53:12,1148,9.52,6.1,A8,,
1,2025-01-16,15:53:33,1149,9.52,6.1,A8,,
1,2025-01-16,15:53:51,1150,9.44,6.1,A8,,
1,2025-01-16,15:56:01,1151,9.48,6.1,A8,,
1,2025-01-16,15:56:18,1152,9.54,6.1,A8,,
1,2025-01-16,15:56:38,1153,9.56,6.1,A8,,
1,2025-01-16,15:56:59,1154,9.6,6.1,A8,,
1,2025-01-16,15:57:32,1155,9.42,6.1,A8,,
1,2025-01-16,15:58:11,1156,9.42,6.1,A8,,
1,2025-01-16,15:58:33,1157,9.44,6.1,A8,,
1,2025-01-16,15:59:09,1158,9.58,6.1,A8,,
1,2025-01-16,15:59:34,1159,9.4,6.1,A8,,
1,2025-01-16,16:00:19,1160,9.4,6.1,A8,,
1,2025-01-16,16:03:03,1161,9.5,6.1,B1,,
1,2025-01-16,16:03:19,1162,9.5,6.1,B1,,
1,2025-01-16,16:03:42,1163,9.4,6.1,B1,,
1,2025-01-16,16:04:31,1164,9.42,6.1,B1,,
1,2025-01-16,16:04:59,1165,9.5,6.1,B1,,
1,2025-01-16,16:05:29,1166,9.42,6.1,B1,,
1,2025-01-16,16:05:49,1167,9.54,6.1,B1,,
1,2025-01-16,16:06:18,1168,9.46,6.1,B1,,
1,2025-01-16,16:06:47,1169,9.52,6.1,B1,,
1,2025-01-16,16:09:21,1170,9.52,6.1,B1,,
1,2025-01-16,16:14:06,1171,9.42,6.1,B1,,
1,2025-01-16,16:14:31,1172,9.54,6.1,B1,,
1,2025-01-16,16:15:09,1173,9.5,6.1,B1,,
1,2025-01-16,16:15:32,1174,9.52,6.1,B1,,
1,2025-01-16,16:15:58,1175,9.5,6.1,B1,,
1,2025-01-16,16:16:23,1176,9.56,6.1,B1,,
1,2025-01-16,16:16:46,1177,9.54,6.1,B1,,
1,2025-01-16,16:17:15,1178,9.42,6.1,B1,,
1,2025-01-16,16:17:52,1179,9.46,6.1,B1,,
1,2025-01-16,16:18:20,1180,9.44,6.1,B1,,
1,2025-01-16,16:20:31,1181,9.52,6.1,B1,,
1,2025-01-16,16:20:59,1182,9.54,6.1,B1,,
1,2025-01-16,16:21:34,1183,9.5,6.1,B1,,
1,2025-01-16,16:21:59,1184,9.42,6.1,B1,,
1,2025-01-16,16:22:27,1185,9.44,6.1,B1,,
1,2025-01-16,16:23:25,1186,9.5,6.1,B1,,
1,2025-01-16,16:23:56,1187,9.5,6.1,B1,,
1,2025-01-16,16:24:22,1188,9.4,6.1,B1,,
1,2025-01-16,16:25:14,1189,9.46,6.1,B1,,
1,2025-01-16,16:25:40,1190,9.4,6.1,B1,,
1,2025-01-16,16:28:11,1191,9.54,6.1,B1,,
1,2025-01-16,16:28:37,1192,9.54,6.1,B1,,
1,2025-01-16,16:29:02,1193,9.5,6.1,B1,,
1,2025-01-16,16:29:28,1194,9.44,6.1,B1,,
1,2025-01-16,16:30:02,1195,9.48,6.1,B1,,
1,2025-01-16,16:30:35,1196,9.48,6.1,B1,,
1,2025-01-16,16:30:57,1197,9.42,6.1,B1,,
1,2025-01-16,16:31:16,1198,9.5,6.1,B1,,
1,2025-01-16,16:31:41,1199,9.48,6.1,B1,,
1,2025-01-16,16:31:58,1200,9.46,6.1,B1,,
1,2025-01-16,16:32:54,1201,9.52,6.1,B2,,
1,2025-01-16,16:33:06,1202,9.44,6.1,B2,,
1,2025-01-16,16:33:31,1203,9.54,6.1,B2,,
1,2025-01-16,16:33:49,1204,9.52,6.1,B2,,
1,2025-01-16,16:34:15,1205,9.6,6.1,B2,,
1,2025-01-16,16:34:37,1206,9.5,6.1,B2,,
1,2025-01-16,16:35:03,1207,9.4,6.1,B2,,
1,2025-01-16,16:35:25,1208,9.56,6.1,B2,,
1,2025-01-16,16:35:51,1209,9.42,6.1,B2,,
1,2025-01-16,16:36:06,1210,9.42,6.1,B2,,
1,2025-01-16,16:40:30,1211,9.5,6.1,B2,,
1,2025-01-16,16:40:43,1212,9.48,6.1,B2,,
1,2025-01-16,16:41:01,1213,9.54,6.1,B2,,
1,2025-01-16,16:41:24,1214,9.46,6.1,B2,,
1,2025-01-16,16:41:56,1215,9.5,6.1,B2,,
1,2025-01-16,16:42:26,1216,9.6,6.1,B2,,
1,2025-01-16,16:42:48,1217,9.54,6.1,B2,,
1,2025-01-16,16:43:12,1218,9.5,6.1,B2,,
1,2025-01-16,16:43:35,1219,9.5,6.1,B2,,
1,2025-01-16,16:43:58,1220,9.5,6.1,B2,,
1,2025-01-16,16:44:53,1221,9.52,6.1,B2,,
1,2025-01-16,16:45:07,1222,9.46,6.1,B2,,
1,2025-01-16,16:45:25,1223,9.5,6.1,B2,,
1,2025-01-16,16:45:47,1224,9.42,6.1,B2,,
1,2025-01-16,16:46:04,1225,9.46,6.1,B2,,
1,2025-01-16,16:46:25,1226,9.48,6.1,B2,,
1,2025-01-16,16:46:58,1227,9.52,6.1,B2,,
1,2025-01-16,16:47:24,1228,9.5,6.1,B2,,
1,2025-01-16,16:47:47,1229,9.56,6.1,B2,,
1,2025-01-16,16:48:06,1230,9.46,6.1,B2,,
1,2025-01-16,16:52:01,1231,9.5,6.1,B2,,
1,2025-01-16,16:52:12,1232,9.54,6.1,B2,,
1,2025-01-16,16:52:34,1233,9.64,6.1,B2,,
1,2025-01-16,16:53:00,1234,9.42,6.1,B2,,
1,2025-01-16,16:54:20,1235,9.5,6.1,B2,,
1,2025-01-16,16:54:47,1236,9.5,6.1,B2,,
1,2025-01-16,16:55:25,1237,9.46,6.1,B2,,
1,2025-01-16,16:56:00,1238,9.5,6.1,B2,,
1,2025-01-16,16:56:25,1239,9.34,6.1,B2,,
1,2025-01-16,16:56:52,1240,9.46,6.1,B2,,
1,2025-01-16,16:58:30,1241,9.36,6.1,B3,,
1,2025-01-16,16:58:41,1242,9.46,6.1,B3,,
1,2025-01-16,16:59:06,1243,9.5,6.1,B3,,
1,2025-01-16,16:59:34,1244,9.42,6.1,B3,,
1,2025-01-16,17:00:09,1245,9.48,6.1,B3,,
1,2025-01-16,17:00:34,1246,9.48,6.1,B3,,
1,2025-01-16,17:00:57,1247,9.52,6.1,B3,,
1,2025-01-16,17:01:18,1248,9.4,6.1,B3,,
1,2025-01-16,17:02:15,1249,9.5,6.1,B3,,
1,2025-01-16,17:02:36,1250,9.42,6.1,B3,,
1,2025-01-16,17:03:53,1251,9.44,6.1,B3,,
1,2025-01-16,17:04:05,1252,9.46,6.1,B3,,
1,2025-01-16,17:04:49,1253,9.5,6.1,B3,,
1,2025-01-16,17:05:30,1254,9.4,6.1,B3,,
1,2025-01-16,17:05:50,1255,9.42,6.1,B3,,
1,2025-01-16,17:06:13,1256,9.58,6.1,B3,,
1,2025-01-16,17:06:39,1257,9.48,6.1,B3,,
1,2025-01-16,17:06:58,1258,9.44,6.1,B3,,
1,2025-01-16,17:07:23,1259,9.52,6.1,B3,,
1,2025-01-16,17:07:46,1260,9.56,6.1,B3,,
1,2025-01-16,17:08:39,1261,9.4,6.1,B3,,
1,2025-01-16,17:08:51,1262,9.52,6.1,B3,,
1,2025-01-16,17:09:27,1263,9.52,6.1,B3,,
1,2025-01-16,17:09:53,1264,9.48,6.1,B3,,
1,2025-01-16,17:10:20,1265,9.5,6.1,B3,,
1,2025-01-16,17:10:56,1266,9.44,6.1,B3,,
1,2025-01-16,17:11:17,1267,9.5,6.1,B3,,
1,2025-01-16,17:11:47,1268,9.48,6.1,B3,,
1,2025-01-16,17:12:21,1269,9.46,6.1,B3,,
1,2025-01-16,17:12:37,1270,9.46,6.1,B3,,
1,2025-01-16,17:14:06,1271,9.52,6.1,B3,,
1,2025-01-16,17:14:17,1272,9.34,6.1,B3,,
1,2025-01-16,17:14:40,1273,9.52,6.1,B3,,
1,2025-01-16,17:15:00,1274,9.52,6.1,B3,,
1,2025-01-16,17:15:22,1275,9.48,6.1,B3,,
1,2025-01-16,17:15:40,1276,9.44,6.1,B3,,
1,2025-01-16,17:16:04,1277,9.44,6.1,B3,,
1,2025-01-16,17:16:25,1278,9.44,6.1,B3,,
1,2025-01-16,17:16:48,1279,9.46,6.1,B3,,
1,2025-01-16,17:17:05,1280,9.38,6.1,B3,,
1,2025-01-16,17:18:10,1281,9.48,6.1,B4,,
1,2025-01-16,17:18:27,1282,9.44,6.1,B4,,
1,2025-01-16,17:18:54,1283,9.6,6.1,B4,,
1,2025-01-16,17:19:17,1284,9.56,6.1,B4,,
1,2025-01-16,17:19:48,1285,9.5,6.1,B4,,
1,2025-01-16,17:20:05,1286,9.48,6.1,B4,,
1,2025-01-16,17:20:32,1287,9.4,6.1,B4,,
1,2025-01-16,17:21:01,1288,9.4,6.1,B4,,
1,2025-01-16,17:21:43,1289,9.5,6.1,B4,,
1,2025-01-16,17:22:03,1290,9.44,6.1,B4,,
1,2025-01-16,17:22:54,1291,9.44,6.1,B4,,
1,2025-01-16,17:23:03,1292,9.52,6.1,B4,,
1,2025-01-16,17:23:23,1293,9.58,6.1,B4,,
1,2025-01-16,17:23:42,1294,9.46,6.1,B4,,
1,2025-01-16,17:24:00,1295,9.58,6.1,B4,,
1,2025-01-16,17:24:24,1296,9.48,6.1,B4,,
1,2025-01-16,17:24:44,1297,9.5,6.1,B4,,
1,2025-01-16,17:25:04,1298,9.5,6.1,B4,,
1,2025-01-16,17:25:25,1299,9.54,6.1,B4,,
1,2025-01-16,17:25:45,1300,9.4,6.1,B4,,
1,2025-01-16,17:26:45,1301,9.5,6.1,B4,,
1,2025-01-16,17:27:13,1302,9.58,6.1,B4,,
1,2025-01-16,17:27:33,1303,9.44,6.1,B4,,
1,2025-01-16,17:27:57,1304,9.52,6.1,B4,,
1,2025-01-16,17:28:23,1305,9.46,6.1,B4,,
1,2025-01-16,17:28:39,1306,9.48,6.1,B4,,
1,2025-01-16,17:29:16,1307,9.48,6.1,B4,,
1,2025-01-16,17:29:40,1308,9.48,6.1,B4,,
1,2025-01-16,17:30:05,1309,9.5,6.1,B4,,
1,2025-01-16,17:30:18,1310,9.38,6.1,B4,,
1,2025-01-16,17:31:21,1311,9.44,6.1,B4,,
1,2025-01-16,17:32:12,1312,9.56,6.1,B4,,
1,2025-01-16,17:32:29,1313,9.44,6.1,B4,,
1,2025-01-16,17:32:48,1314,9.54,6.1,B4,,
1,2025-01-16,17:33:12,1315,9.42,6.1,B4,,
1,2025-01-16,17:33:32,1316,9.5,6.1,B4,,
1,2025-01-16,17:34:03,1317,9.48,6.1,B4,,
1,2025-01-16,17:34:23,1318,9.5,6.1,B4,,
1,2025-01-16,17:34:45,1319,9.56,6.1,B4,,
1,2025-01-16,17:35:02,1320,9.5,6.1,B4,,
1,2025-01-17,10:00:22,1321,9.52,6.1,A1,,
1,2025-01-17,10:08:45,1322,9.5,6.1,A1,,
1,2025-01-17,10:09:06,1323,9.58,6.1,A1,,
1,2025-01-17,10:09:25,1324,9.58,6.1,A1,,
1,2025-01-17,10:09:52,1325,9.4,6.1,A1,,
1,2025-01-17,10:10:14,1326,9.44,6.1,A1,,
1,2025-01-17,10:10:35,1327,9.4,6.1,A1,,
1,2025-01-17,10:10:57,1328,9.54,6.1,A1,,
1,2025-01-17,10:11:22,1329,9.48,6.1,A1,,
1,2025-01-17,10:11:44,1330,9.4,6.1,A1,,
1,2025-01-17,10:13:05,1331,9.5,6.1,A1,,
1,2025-01-17,10:13:20,1332,9.54,6.1,A1,,
1,2025-01-17,10:13:49,1333,9.4,6.1,A1,,
1,2025-01-17,10:14:09,1334,9.44,6.1,A1,,
1,2025-01-17,10:14:38,1335,9.44,6.1,A1,,
1,2025-01-17,10:14:56,1336,9.5,6.1,A1,,
1,2025-01-17,10:15:21,1337,9.48,6.1,A1,,
1,2025-01-17,10:15:38,1338,9.4,6.1,A1,,
1,2025-01-17,10:15:58,1339,9.52,6.1,A1,,
1,2025-01-17,10:16:13,1340,9.46,6.1,A1,,
1,2025-01-17,10:18:23,1341,9.5,6.1,A1,,
1,2025-01-17,10:18:38,1342,9.46,6.1,A1,,
1,2025-01-17,10:19:22,1343,9.42,6.1,A1,,
1,2025-01-17,10:19:58,1344,9.48,6.1,A1,,
1,2025-01-17,10:20:33,1345,9.34,6.1,A1,,
1,2025-01-17,10:20:57,1346,9.46,6.1,A1,,
1,2025-01-17,10:21:23,1347,9.42,6.1,A1,,
1,2025-01-17,10:21:47,1348,9.46,6.1,A1,,
1,2025-01-17,10:22:10,1349,9.44,6.1,A1,,
1,2025-01-17,10:22:28,1350,9.36,6.1,A1,,
1,2025-01-17,10:23:30,1351,9.48,6.1,A2,,
1,2025-01-17,10:23:42,1352,9.58,6.1,A2,,
1,2025-01-17,10:24:10,1353,9.44,6.1,A2,,
1,2025-01-17,10:24:37,1354,9.44,6.1,A2,,
1,2025-01-17,10:24:54,1355,9.56,6.1,A2,,
1,2025-01-17,10:25:14,1356,9.5,6.1,A2,,
1,2025-01-17,10:25:40,1357,9.52,6.1,A2,,
1,2025-01-17,10:26:09,1358,9.44,6.1,A2,,
1,2025-01-17,10:26:29,1359,9.4,6.1,A2,,
1,2025-01-17,10:26:49,1360,9.38,6.1,A2,,
1,2025-01-17,10:49:20,1361,9.48,6.1,A2,,
1,2025-01-17,10:49:35,1362,9.54,6.1,A2,,
1,2025-01-17,10:49:54,1363,9.42,6.1,A2,,
1,2025-01-17,10:50:18,1364,9.56,6.1,A2,,
1,2025-01-17,10:51:20,1365,9.46,6.1,A2,,
1,2025-01-17,10:51:44,1366,9.46,6.1,A2,,
1,2025-01-17,10:52:04,1367,9.54,6.1,A2,,
1,2025-01-17,10:52:41,1368,9.42,6.1,A2,,
1,2025-01-17,10:53:05,1369,9.48,6.1,A2,,
1,2025-01-17,10:53:24,1370,9.56,6.1,A2,,
1,2025-01-17,10:54:40,1371,9.5,6.1,A2,,
1,2025-01-17,10:54:53,1372,9.58,6.1,A2,,
1,2025-01-17,10:55:11,1373,9.56,6.1,A2,,
1,2025-01-17,10:55:29,1374,9.52,6.1,A2,,
1,2025-01-17,10:55:44,1375,9.36,6.1,A2,,
1,2025-01-17,10:56:03,1376,9.52,6.1,A2,,
1,2025-01-17,10:56:23,1377,9.5,6.1,A2,,
1,2025-01-17,10:56:40,1378,9.46,6.1,A2,,
1,2025-01-17,10:57:16,1379,9.6,6.1,A2,,
1,2025-01-17,10:58:09,1380,9.42,6.1,A2,,
1,2025-01-17,10:59:03,1381,9.44,6.1,A3,,
1,2025-01-17,11:02:22,1382,9.48,6.1,A3,,
1,2025-01-17,11:02:50,1383,9.46,6.1,A3,,
1,2025-01-17,11:03:09,1384,9.6,6.1,A3,,
1,2025-01-17,11:03:51,1385,9.6,6.1,A3,,
1,2025-01-17,11:04:47,1386,9.5,6.1,A3,,
1,2025-01-17,11:05:20,1387,9.6,6.1,A3,,
1,2025-01-17,11:05:46,1388,9.48,6.1,A3,,
1,2025-01-17,11:06:07,1389,9.48,6.1,A3,,
1,2025-01-17,11:06:56,1390,9.58,6.1,A3,,
1,2025-01-17,11:45:57,1391,9.54,6.1,A3,,
1,2025-01-17,11:46:09,1392,9.6,6.1,A3,,
1,2025-01-17,11:46:31,1393,9.48,6.1,A3,,
1,2025-01-17,11:47:18,1394,9.54,6.1,A3,,
1,2025-01-17,11:47:43,1395,9.52,6.1,A3,,
1,2025-01-17,11:48:10,1396,9.48,6.1,A3,,
1,2025-01-17,11:48:34,1397,9.52,6.1,A3,,
1,2025-01-17,11:48:55,1398,9.5,6.1,A3,,
1,2025-01-17,11:49:15,1399,9.46,6.1,A3,,
1,2025-01-17,11:49:31,1400,9.54,6.1,A3,,
1,2025-01-17,11:50:23,1401,9.48,6.1,A3,,
1,2025-01-17,11:50:36,1402,9.48,6.1,A3,,
1,2025-01-17,11:51:00,1403,9.46,6.1,A3,,
1,2025-01-17,11:51:33,1404,9.5,6.1,A3,,
1,2025-01-17,11:52:20,1405,9.5,6.1,A3,,
1,2025-01-17,11:52:42,1406,9.48,6.1,A3,,
1,2025-01-17,11:53:55,1407,9.54,6.1,A3,,
1,2025-01-17,11:54:27,1408,9.54,6.1,A3,,
1,2025-01-17,11:54:48,1409,9.56,6.1,A3,,
1,2025-01-17,11:55:32,1410,9.46,6.1,A3,,
1,2025-01-17,11:55:44,1411,9.5,6.1,A4,,
1,2025-01-17,11:56:23,1412,9.48,6.1,A4,,
1,2025-01-17,11:56:42,1413,9.5,6.1,A4,,
1,2025-01-17,11:56:59,1414,9.48,6.1,A4,,
1,2025-01-17,11:57:16,1415,9.44,6.1,A4,,
1,2025-01-17,11:57:39,1416,9.44,6.1,A4,,
1,2025-01-17,11:58:01,1417,9.44,6.1,A4,,
1,2025-01-17,11:58:35,1418,9.52,6.1,A4,,
1,2025-01-17,11:58:55,1419,9.58,6.1,A4,,
1,2025-01-17,11:59:13,1420,9.54,6.1,A4,,
1,2025-01-17,12:05:49,1421,9.52,6.1,A4,,
1,2025-01-17,12:06:05,1422,9.62,6.1,A4,,
1,2025-01-17,12:06:22,1423,9.46,6.1,A4,,
1,2025-01-17,12:06:41,1424,9.58,6.1,A4,,
1,2025-01-17,12:07:01,1425,9.56,6.1,A4,,
1,2025-01-17,12:07:21,1426,9.56,6.1,A4,,
1,2025-01-17,12:07:43,1427,9.52,6.1,A4,,
1,2025-01-17,12:08:03,1428,9.46,6.1,A4,,
1,2025-01-17,12:08:30,1429,9.46,6.1,A4,,
1,2025-01-17,12:08:50,1430,9.5,6.1,A4,,
1,2025-01-17,12:12:23,1431,9.52,6.1,A4,,
1,2025-01-17,12:12:46,1432,9.62,6.1,A4,,
1,2025-01-17,12:13:06,1433,9.54,6.1,A4,,
1,2025-01-17,12:21:08,1434,9.5,6.1,A4,,
1,2025-01-17,12:21:24,1435,9.54,6.1,A4,,
1,2025-01-17,12:21:38,1436,9.66,6.1,A4,,
1,2025-01-17,12:21:56,1437,9.52,6.1,A4,,
1,2025-01-17,12:22:11,1438,9.56,6.1,A4,,
1,2025-01-17,12:22:27,1439,9.62,6.1,A4,,
1,2025-01-17,12:22:39,1440,9.54,6.1,A4,,
1,2025-01-17,12:00:16,1441,9.58,6.1,A5,,
1,2025-01-17,12:00:31,1442,9.5,6.1,A5,,
1,2025-01-17,12:00:49,1443,9.58,6.1,A5,,
1,2025-01-17,12:01:10,1444,9.52,6.1,A5,,
1,2025-01-17,12:01:34,1445,9.46,6.1,A5,,
1,2025-01-17,12:02:02,1446,9.52,6.1,A5,,
1,2025-01-17,12:02:21,1447,9.44,6.1,A5,,
1,2025-01-17,12:02:40,1448,9.62,6.1,A5,,
1,2025-01-17,12:03:06,1449,9.6,6.1,A5,,
1,2025-01-17,12:04:24,1450,9.56,6.1,A5,,
1,2025-01-17,12:23:34,1451,9.5,6.1,A5,,
1,2025-01-17,12:24:06,1452,9.58,6.1,A5,,
1,2025-01-17,12:24:55,1453,9.6,6.1,A5,,
1,2025-01-17,12:25:12,1454,9.44,6.1,A5,,
1,2025-01-17,12:25:31,1455,9.52,6.1,A5,,
1,2025-01-17,12:25:46,1456,9.62,6.1,A5,,
1,2025-01-17,12:26:02,1457,9.48,6.1,A5,,
1,2025-01-17,12:26:24,1458,9.5,6.1,A5,,
1,2025-01-17,12:26:41,1459,9.5,6.1,A5,,
1,2025-01-17,12:27:04,1460,9.5,6.1,A5,,
1,2025-01-17,12:28:44,1461,9.46,6.1,A5,,
1,2025-01-17,12:28:55,1462,9.56,6.1,A5,,
1,2025-01-17,12:29:12,1463,9.48,6.1,A5,,
1,2025-01-17,12:29:33,1464,9.54,6.1,A5,,
1,2025-01-17,12:29:50,1465,9.58,6.1,A5,,
1,2025-01-17,12:30:06,1466,9.56,6.1,A5,,
1,2025-01-17,12:30:22,1467,9.44,6.1,A5,,
1,2025-01-17,12:30:40,1468,9.54,6.1,A5,,
1,2025-01-17,12:30:53,1469,9.5,6.1,A5,,
1,2025-01-17,12:31:07,1470,9.5,6.1,A5,,
1,2025-01-17,12:31:55,1471,9.56,6.1,A6,,
1,2025-01-17,12:32:10,1472,9.64,6.1,A6,,
1,2025-01-17,12:32:26,1473,9.46,6.1,A6,,
1,2025-01-17,12:32:43,1474,9.5,6.1,A6,,
1,2025-01-17,12:32:57,1475,9.44,6.1,A6,,
1,2025-01-17,12:33:27,1476,9.48,6.1,A6,,
1,2025-01-17,12:33:45,1477,9.52,6.1,A6,,
1,2025-01-17,12:34:00,1478,9.44,6.1,A6,,
1,2025-01-17,12:34:19,1479,9.54,6.1,A6,,
1,2025-01-17,12:34:32,1480,9.46,6.1,A6,,
1,2025-01-17,12:35:16,1481,9.5,6.1,A6,,
1,2025-01-17,12:35:26,1482,9.48,6.1,A6,,
1,2025-01-17,12:35:42,1483,9.48,6.1,A6,,
1,2025-01-17,12:35:56,1484,9.6,6.1,A6,,
1,2025-01-17,12:36:19,1485,9.5,6.1,A6,,
1,2025-01-17,12:36:46,1486,9.5,6.1,A6,,
1,2025-01-17,12:37:05,1487,9.48,6.1,A6,,
1,2025-01-17,12:37:26,1488,9.54,6.1,A6,,
1,2025-01-17,12:37:50,1489,9.5,6.1,A6,,
1,2025-01-17,12:38:03,1490,9.52,6.1,A6,,
1,2025-01-17,12:38:57,1491,9.44,6.1,A6,,
1,2025-01-17,12:39:15,1492,9.48,6.1,A6,,
1,2025-01-17,12:39:32,1493,9.52,6.1,A6,,
1,2025-01-17,12:39:51,1494,9.48,6.1,A6,,
1,2025-01-17,12:40:11,1495,9.5,6.1,A6,,
1,2025-01-17,12:40:31,1496,9.48,6.1,A6,,
1,2025-01-17,12:40:49,1497,9.54,6.1,A6,,
1,2025-01-17,12:41:13,1498,9.52,6.1,A6,,
1,2025-01-17,12:41:32,1499,9.44,6.1,A6,,
1,2025-01-17,12:41:49,1500,9.38,6.1,A6,,
1,2025-01-17,12:42:50,1501,9.54,6.1,A7,,
1,2025-01-17,12:43:16,1502,9.46,6.1,A7,,
1,2025-01-17,12:43:36,1503,9.48,6.1,A7,,
1,2025-01-17,12:43:56,1504,9.58,6.1,A7,,
1,2025-01-17,12:44:16,1505,9.5,6.1,A7,,
1,2025-01-17,12:44:36,1506,9.54,6.1,A7,,
1,2025-01-17,12:44:55,1507,9.54,6.1,A7,,
1,2025-01-17,12:45:30,1508,9.54,6.1,A7,,
1,2025-01-17,12:45:53,1509,9.54,6.1,A7,,
1,2025-01-17,12:46:28,1510,9.46,6.1,A7,,
1,2025-01-17,12:47:21,1511,9.48,6.1,A7,,
1,2025-01-17,12:47:30,1512,9.46,6.1,A7,,
1,2025-01-17,12:47:52,1513,9.5,6.1,A7,,
1,2025-01-17,12:48:11,1514,9.52,6.1,A7,,
1,2025-01-17,12:48:26,1515,9.52,6.1,A7,,
1,2025-01-17,12:48:44,1516,9.46,6.1,A7,,
1,2025-01-17,12:49:04,1517,9.54,6.1,A7,,
1,2025-01-17,12:49:22,1518,9.54,6.1,A7,,
1,2025-01-17,12:49:40,1519,9.58,6.1,A7,,
1,2025-01-17,12:49:54,1520,9.46,6.1,A7,,
1,2025-01-17,12:50:55,1521,9.52,6.1,A7,,
1,2025-01-17,12:51:06,1522,9.5,6.1,A7,,
1,2025-01-17,12:51:22,1523,9.48,6.1,A7,,
1,2025-01-17,12:51:50,1524,9.56,6.1,A7,,
1,2025-01-17,12:52:06,1525,9.5,6.1,A7,,
1,2025-01-17,12:52:29,1526,9.54,6.1,A7,,
1,2025-01-17,12:52:52,1527,9.5,6.1,A7,,
1,2025-01-17,12:53:08,1528,9.52,6.1,A7,,
1,2025-01-17,12:53:23,1529,9.54,6.1,A7,,
1,2025-01-17,12:53:40,1530,9.56,6.1,A7,,
1,2025-01-17,12:55:00,1531,9.58,6.1,A8,,
1,2025-01-17,12:55:10,1532,9.66,6.1,A8,,
1,2025-01-17,12:55:25,1533,9.5,6.1,A8,,
1,2025-01-17,12:55:37,1534,9.52,6.1,A8,,
1,2025-01-17,12:55:51,1535,9.5,6.1,A8,,
1,2025-01-17,12:56:08,1536,9.42,6.1,A8,,
1,2025-01-17,12:56:26,1537,9.44,6.1,A8,,
1,2025-01-17,12:56:42,1538,9.58,6.1,A8,,
1,2025-01-17,12:57:02,1539,9.4,6.1,A8,,
1,2025-01-17,12:57:14,1540,9.44,6.1,A8,,
1,2025-01-17,14:34:22,1541,9.48,6.12,A8,,
1,2025-01-17,14:34:40,1542,9.48,6.12,A8,,
1,2025-01-17,14:34:58,1543,9.5,6.12,A8,,
1,2025-01-17,14:35:13,1544,9.5,6.12,A8,,
1,2025-01-17,14:35:40,1545,9.48,6.12,A8,,
1,2025-01-17,14:35:55,1546,9.44,6.12,A8,,
1,2025-01-17,14:36:11,1547,9.48,6.12,A8,,
1,2025-01-17,14:36:28,1548,9.58,6.12,A8,,
1,2025-01-17,14:36:49,1549,9.52,6.12,A8,,
1,2025-01-17,14:37:05,1550,9.46,6.12,A8,,
1,2025-01-17,14:37:57,1551,9.5,6.12,A8,,
1,2025-01-17,14:38:08,1552,9.44,6.12,A8,,
1,2025-01-17,14:38:26,1553,9.38,6.12,A8,,
1,2025-01-17,14:38:44,1554,9.44,6.12,A8,,
1,2025-01-17,14:39:01,1555,9.46,6.12,A8,,
1,2025-01-17,14:39:22,1556,9.4,6.12,A8,,
1,2025-01-17,14:39:39,1557,9.48,6.12,A8,,
1,2025-01-17,14:39:59,1558,9.5,6.12,A8,,
1,2025-01-17,14:40:14,1559,9.5,6.12,A8,,
1,2025-01-17,14:40:31,1560,9.46,6.12,A8,,
1,2025-01-17,14:41:51,1561,9.52,6.12,B1,,
1,2025-01-17,14:42:11,1562,9.54,6.12,B1,,
1,2025-01-17,14:42:30,1563,9.52,6.12,B1,,
1,2025-01-17,14:42:46,1564,9.48,6.12,B1,,
1,2025-01-17,14:43:05,1565,9.5,6.12,B1,,
1,2025-01-17,14:43:24,1566,9.4,6.12,B1,,
1,2025-01-17,14:43:42,1567,9.52,6.12,B1,,
1,2025-01-17,14:43:59,1568,9.46,6.12,B1,,
1,2025-01-17,14:44:15,1569,9.44,6.12,B1,,
1,2025-01-17,14:44:31,1570,9.54,6.12,B1,,
1,2025-01-17,14:45:45,1571,9.52,6.12,B1,,
1,2025-01-17,14:46:06,1572,9.52,6.12,B1,,
1,2025-01-17,14:46:24,1573,9.62,6.12,B1,,
1,2025-01-17,14:47:16,1574,9.48,6.12,B1,,
1,2025-01-17,14:47:52,1575,9.38,6.12,B1,,
1,2025-01-17,14:48:09,1576,9.44,6.12,B1,,
1,2025-01-17,14:48:31,1577,9.56,6.12,B1,,
1,2025-01-17,14:48:51,1578,9.56,6.12,B1,,
1,2025-01-17,14:49:09,1579,9.38,6.12,B1,,
1,2025-01-17,14:49:23,1580,9.48,6.12,B1,,
1,2025-01-17,14:50:17,1581,9.5,6.12,B1,,
1,2025-01-17,14:50:43,1582,9.46,6.12,B1,,
1,2025-01-17,14:51:06,1583,9.54,6.12,B1,,
1,2025-01-17,14:51:25,1584,9.54,6.12,B1,,
1,2025-01-17,14:51:43,1585,9.52,6.12,B1,,
1,2025-01-17,14:52:05,1586,9.62,6.12,B1,,
1,2025-01-17,14:52:36,1587,9.54,6.12,B1,,
1,2025-01-17,14:52:56,1588,9.52,6.12,B1,,
1,2025-01-17,14:53:16,1589,9.52,6.12,B1,,
1,2025-01-17,14:53:33,1590,9.64,6.12,B1,,
1,2025-01-17,14:54:36,1591,9.38,6.12,B2,,
1,2025-01-17,14:54:48,1592,9.56,6.12,B2,,
1,2025-01-17,14:55:08,1593,9.5,6.12,B2,,
1,2025-01-17,14:55:33,1594,9.54,6.12,B2,,
1,2025-01-17,14:55:51,1595,9.5,6.12,B2,,
1,2025-01-17,14:56:10,1596,9.48,6.12,B2,,
1,2025-01-17,14:56:31,1597,9.44,6.12,B2,,
1,2025-01-17,14:56:59,1598,9.52,6.12,B2,,
1,2025-01-17,14:57:23,1599,9.42,6.12,B2,,
1,2025-01-17,14:57:37,1600,9.5,6.12,B2,,
1,2025-01-17,14:58:43,1601,9.48,6.12,B2,,
1,2025-01-17,14:58:58,1602,9.5,6.12,B2,,
1,2025-01-17,14:59:17,1603,9.44,6.12,B2,,
1,2025-01-17,14:59:34,1604,9.5,6.12,B2,,
1,2025-01-17,14:59:54,1605,9.7,6.12,B2,,
1,2025-01-17,15:00:42,1606,9.46,6.12,B2,,
1,2025-01-17,15:00:59,1607,9.52,6.12,B2,,
1,2025-01-17,15:01:11,1608,9.52,6.12,B2,,
1,2025-01-17,15:01:24,1609,9.54,6.12,B2,,
1,2025-01-17,15:01:36,1610,9.52,6.12,B2,,
1,2025-01-17,15:02:28,1611,9.6,6.12,B2,,
1,2025-01-17,15:02:36,1612,9.58,6.12,B2,,
1,2025-01-17,15:02:51,1613,9.42,6.12,B2,,
1,2025-01-17,15:03:04,1614,9.52,6.12,B2,,
1,2025-01-17,15:03:20,1615,9.56,6.12,B2,,
1,2025-01-17,15:03:40,1616,9.54,6.12,B2,,
1,2025-01-17,15:04:01,1617,9.58,6.12,B2,,
1,2025-01-17,15:04:19,1618,9.42,6.12,B2,,
1,2025-01-17,15:04:36,1619,9.44,6.12,B2,,
1,2025-01-17,15:04:48,1620,9.54,6.12,B2,,
1,2025-01-17,15:05:46,1621,9.56,6.12,B3,,
1,2025-01-17,15:05:59,1622,9.48,6.12,B3,,
1,2025-01-17,15:06:15,1623,9.54,6.12,B3,,
1,2025-01-17,15:06:34,1624,9.56,6.12,B3,,
1,2025-01-17,15:07:18,1625,9.52,6.12,B3,,
1,2025-01-17,15:07:35,1626,9.46,6.12,B3,,
1,2025-01-17,15:08:11,1627,9.54,6.12,B3,,
1,2025-01-17,15:08:30,1628,9.42,6.12,B3,,
1,2025-01-17,15:08:50,1629,9.5,6.12,B3,,
1,2025-01-17,15:09:09,1630,9.52,6.12,B3,,
1,2025-01-17,15:10:51,1631,9.54,6.12,B3,,
1,2025-01-17,15:11:20,1632,9.48,6.12,B3,,
1,2025-01-17,15:11:36,1633,9.48,6.12,B3,,
1,2025-01-17,15:12:18,1634,9.54,6.12,B3,,
1,2025-01-17,15:12:35,1635,9.48,6.12,B3,,
1,2025-01-17,15:13:07,1636,9.36,6.12,B3,,
1,2025-01-17,15:13:23,1637,9.52,6.12,B3,,
1,2025-01-17,15:13:48,1638,9.54,6.12,B3,,
1,2025-01-17,15:14:15,1639,9.5,6.12,B3,,
1,2025-01-17,15:14:43,1640,9.48,6.12,B3,,
1,2025-01-17,15:15:52,1641,9.52,6.12,B3,,
1,2025-01-17,15:16:20,1642,9.52,6.12,B3,,
1,2025-01-17,15:16:38,1643,9.52,6.12,B3,,
1,2025-01-17,15:16:57,1644,9.34,6.12,B3,,
1,2025-01-17,15:17:16,1645,9.56,6.12,B3,,
1,2025-01-17,15:17:39,1646,9.5,6.12,B3,,
1,2025-01-17,15:17:59,1647,9.5,6.12,B3,,
1,2025-01-17,15:18:17,1648,9.46,6.12,B3,,
1,2025-01-17,15:18:38,1649,9.46,6.12,B3,,
1,2025-01-17,15:18:52,1650,9.44,6.12,B3,,
1,2025-01-17,15:20:46,1651,9.52,6.12,B4,,
1,2025-01-17,15:20:56,1652,9.44,6.12,B4,,
1,2025-01-17,15:21:15,1653,9.5,6.12,B4,,
1,2025-01-17,15:21:39,1654,9.54,6.12,B4,,
1,2025-01-17,15:21:55,1655,9.38,6.12,B4,,
1,2025-01-17,15:22:12,1656,9.44,6.12,B4,,
1,2025-01-17,15:22:30,1657,9.42,6.12,B4,,
1,2025-01-17,15:22:49,1658,9.38,6.12,B4,,
1,2025-01-17,15:23:09,1659,9.4,6.12,B4,,
1,2025-01-17,15:23:24,1660,9.5,6.12,B4,,
1,2025-01-17,15:24:09,1661,9.6,6.12,B4,,
1,2025-01-17,15:24:34,1662,9.52,6.12,B4,,
1,2025-01-17,15:24:47,1663,9.54,6.12,B4,,
1,2025-01-17,15:25:05,1664,9.48,6.12,B4,,
1,2025-01-17,15:25:24,1665,9.46,6.12,B4,,
1,2025-01-17,15:25:40,1666,9.52,6.12,B4,,
1,2025-01-17,15:26:03,1667,9.54,6.12,B4,,
1,2025-01-17,15:26:45,1668,9.5,6.12,B4,,
1,2025-01-17,15:27:01,1669,9.46,6.12,B4,,
1,2025-01-17,15:27:14,1670,9.5,6.12,B4,,
1,2025-01-17,15:28:05,1671,9.56,6.12,B4,,
1,2025-01-17,15:28:17,1672,9.54,6.12,B4,,
1,2025-01-17,15:28:31,1673,9.6,6.12,B4,,
1,2025-01-17,15:28:53,1674,9.58,6.12,B4,,
1,2025-01-17,15:29:10,1675,9.56,6.12,B4,,
1,2025-01-17,15:29:27,1676,9.52,6.12,B4,,
1,2025-01-17,15:29:43,1677,9.52,6.12,B4,,
1,2025-01-17,15:30:03,1678,9.58,6.12,B4,,
1,2025-01-17,15:30:24,1679,9.5,6.12,B4,,
1,2025-01-17,15:30:38,1680,9.44,6.12,B4,,
1,2025-01-17,15:33:17,1681,9.32,6.12,B5,,
1,2025-01-17,15:33:25,1682,9.48,6.12,B5,,
1,2025-01-17,15:33:40,1683,9.62,6.12,B5,,
1,2025-01-17,15:33:54,1684,9.44,6.12,B5,,
1,2025-01-17,15:34:08,1685,9.54,6.12,B5,,
1,2025-01-17,15:34:26,1686,9.52,6.12,B5,,
1,2025-01-17,15:34:46,1687,9.48,6.12,B5,,
1,2025-01-17,15:35:03,1688,9.64,6.12,B5,,
1,2025-01-17,15:35:25,1689,9.48,6.12,B5,,
1,2025-01-17,15:35:42,1690,9.42,6.12,B5,,
1,2025-01-17,15:36:50,1691,9.54,6.12,B5,,
1,2025-01-17,15:37:01,1692,9.46,6.12,B5,,
1,2025-01-17,15:37:17,1693,9.6,6.12,B5,,
1,2025-01-17,15:37:33,1694,9.58,6.12,B5,,
1,2025-01-17,15:37:47,1695,9.5,6.12,B5,,
1,2025-01-17,15:38:02,1696,9.56,6.12,B5,,
1,2025-01-17,15:38:19,1697,9.44,6.12,B5,,
1,2025-01-17,15:38:31,1698,9.46,6.12,B5,,
1,2025-01-17,15:38:50,1699,9.5,6.12,B5,,
1,2025-01-17,15:39:06,1700,9.52,6.12,B5,,
1,2025-01-17,15:39:59,1701,9.34,6.12,B5,,
1,2025-01-17,15:40:11,1702,9.46,6.12,B5,,
1,2025-01-17,15:40:31,1703,9.42,6.12,B5,,
1,2025-01-17,15:40:49,1704,9.54,6.12,B5,,
1,2025-01-17,15:41:06,1705,9.52,6.12,B5,,
1,2025-01-17,15:41:23,1706,9.54,6.12,B5,,
1,2025-01-17,15:41:40,1707,9.48,6.12,B5,,
1,2025-01-17,15:41:57,1708,9.42,6.12,B5,,
1,2025-01-17,15:42:16,1709,9.5,6.12,B5,,
1,2025-01-17,15:42:31,1710,9.54,6.12,B5,,
1,2025-01-17,15:43:35,1711,9.48,6.12,B6,,
1,2025-01-17,15:43:44,1712,9.5,6.12,B6,,
1,2025-01-17,15:44:00,1713,9.44,6.12,B6,,
1,2025-01-17,15:44:22,1714,9.4,6.12,B6,,
1,2025-01-17,15:44:38,1715,9.46,6.12,B6,,
1,2025-01-17,15:44:58,1716,9.5,6.12,B6,,
1,2025-01-17,15:45:23,1717,9.5,6.12,B6,,
1,2025-01-17,15:45:45,1718,9.56,6.12,B6,,
1,2025-01-17,15:46:05,1719,9.5,6.12,B6,,
1,2025-01-17,15:46:23,1720,9.42,6.12,B6,,
1,2025-01-17,15:47:23,1721,9.56,6.12,B6,,
1,2025-01-17,15:47:33,1722,9.6,6.12,B6,,
1,2025-01-17,15:47:49,1723,9.44,6.12,B6,,
1,2025-01-17,15:48:08,1724,9.54,6.12,B6,,
1,2025-01-17,15:48:26,1725,9.58,6.12,B6,,
1,2025-01-17,15:48:41,1726,9.56,6.12,B6,,
1,2025-01-17,15:49:00,1727,9.54,6.12,B6,,
1,2025-01-17,15:49:16,1728,9.46,6.12,B6,,
1,2025-01-17,15:49:32,1729,9.5,6.12,B6,,
1,2025-01-17,15:49:47,1730,9.44,6.12,B6,,
1,2025-01-17,15:50:49,1731,9.52,6.12,B6,,
1,2025-01-17,15:50:59,1732,9.58,6.12,B6,,
1,2025-01-17,15:51:11,1733,9.48,6.12,B6,,
1,2025-01-17,15:51:23,1734,9.38,6.12,B6,,
1,2025-01-17,15:51:37,1735,9.52,6.12,B6,,
1,2025-01-17,15:51:54,1736,9.54,6.12,B6,,
1,2025-01-17,15:52:10,1737,9.58,6.12,B6,,
1,2025-01-17,15:52:25,1738,9.48,6.12,B6,,
1,2025-01-17,15:52:38,1739,9.48,6.12,B6,,
1,2025-01-17,15:52:51,1740,9.52,6.12,B6,,
1,2025-01-17,15:53:30,1741,9.42,6.12,Sobrante,,
1,2025-01-17,15:53:39,1742,9.52,6.12,Sobrante,,
1,2025-01-17,15:53:54,1743,9.5,6.12,Sobrante,,
1,2025-01-17,15:54:11,1744,9.58,6.12,Sobrante,,
1,2025-01-17,15:54:26,1745,9.62,6.12,Sobrante,,
1,2025-01-17,15:54:43,1746,9.48,6.12,Sobrante,,
1,2025-01-17,15:54:59,1747,9.46,6.12,Sobrante,,
1,2025-01-17,15:55:14,1748,9.66,6.12,Sobrante,,
1,2025-01-17,15:55:31,1749,9.54,6.12,Sobrante,,
1,2025-01-17,15:55:49,1750,9.46,6.12,Sobrante,,
1,2025-01-20,10:02:44,1751,9.58,6.12,A1,,
1,2025-01-20,10:03:04,1752,9.54,6.12,A1,,
1,2025-01-20,10:03:52,1753,9.54,6.12,A1,,
1,2025-01-20,10:04:14,1754,9.68,6.12,A1,,
1,2025-01-20,10:05:47,1755,9.46,6.12,A1,,
1,2025-01-20,10:06:04,1756,9.54,6.12,A1,,
1,2025-01-20,10:06:18,1757,9.5,6.12,A1,,
1,2025-01-20,10:06:36,1758,9.64,6.12,A1,,
1,2025-01-20,10:06:51,1759,9.5,6.12,A1,,
1,2025-01-20,10:07:04,1760,9.46,6.12,A1,,
1,2025-01-20,10:07:48,1761,9.52,6.12,A1,,
1,2025-01-20,10:08:06,1762,9.56,6.12,A1,,
1,2025-01-20,10:08:28,1763,9.52,6.12,A1,,
1,2025-01-20,10:08:48,1764,9.56,6.12,A1,,
1,2025-01-20,10:09:08,1765,9.58,6.12,A1,,
1,2025-01-20,10:09:36,1766,9.5,6.12,A1,,
1,2025-01-20,10:10:03,1767,9.58,6.12,A1,,
1,2025-01-20,10:10:24,1768,9.58,6.12,A1,,
1,2025-01-20,10:10:48,1769,9.5,6.12,A1,,
1,2025-01-20,10:11:02,1770,9.5,6.12,A1,,
1,2025-01-20,10:11:57,1771,9.48,6.12,A1,,
1,2025-01-20,10:12:09,1772,9.56,6.12,A1,,
1,2025-01-20,10:12:22,1773,9.52,6.12,A1,,
1,2025-01-20,10:12:42,1774,9.52,6.12,A1,,
1,2025-01-20,10:13:01,1775,9.54,6.12,A1,,
1,2025-01-20,10:13:22,1776,9.48,6.12,A1,,
1,2025-01-20,10:13:49,1777,9.66,6.12,A1,,
1,2025-01-20,10:14:07,1778,9.66,6.12,A1,,
1,2025-01-20,10:14:26,1779,9.5,6.12,A1,,
1,2025-01-20,10:14:49,1780,9.48,6.12,A1,,
1,2025-01-20,10:15:39,1781,9.6,6.12,A1,,
1,2025-01-20,10:15:52,1782,9.52,6.12,A1,,
1,2025-01-20,10:16:15,1783,9.38,6.12,A1,,
1,2025-01-20,10:16:47,1784,9.44,6.12,A1,,
1,2025-01-20,10:17:11,1785,9.5,6.12,A2,,
1,2025-01-20,10:17:31,1786,9.38,6.12,A2,,
1,2025-01-20,10:17:56,1787,9.36,6.12,A2,,
1,2025-01-20,10:18:24,1788,9.42,6.12,A2,,
1,2025-01-20,10:18:52,1789,9.44,6.12,A2,,
1,2025-01-20,10:19:07,1790,9.5,6.12,A2,,
1,2025-01-20,10:20:44,1791,9.44,6.12,A2,,
1,2025-01-20,10:21:49,1792,9.42,6.12,A2,,
1,2025-01-20,10:22:12,1793,9.46,6.12,A2,,
1,2025-01-20,10:22:31,1794,9.38,6.12,A2,,
1,2025-01-20,10:22:47,1795,9.4,6.12,A2,,
1,2025-01-20,10:23:04,1796,9.5,6.12,A2,,
1,2025-01-20,10:23:22,1797,9.5,6.12,A2,,
1,2025-01-20,10:23:39,1798,9.62,6.12,A2,,
1,2025-01-20,10:23:58,1799,9.52,6.12,A2,,
1,2025-01-20,10:24:11,1800,9.46,6.12,A2,,
1,2025-01-20,10:24:59,1801,9.56,6.12,A2,,
1,2025-01-20,10:25:10,1802,9.52,6.12,A2,,
1,2025-01-20,10:25:28,1803,9.64,6.12,A2,,
1,2025-01-20,10:25:45,1804,9.5,6.12,A2,,
1,2025-01-20,10:26:00,1805,9.34,6.12,A2,,
1,2025-01-20,10:26:16,1806,9.42,6.12,A2,,
1,2025-01-20,10:26:33,1807,9.4,6.12,A2,,
1,2025-01-20,10:26:47,1808,9.34,6.12,A2,,
1,2025-01-20,10:27:03,1809,9.6,6.12,A2,,
1,2025-01-20,10:27:17,1810,9.56,6.12,A2,,
1,2025-01-20,10:27:58,1811,9.48,6.12,A2,,
1,2025-01-20,10:28:08,1812,9.4,6.12,A2,,
1,2025-01-20,10:28:30,1813,9.52,6.12,A2,,
1,2025-01-20,10:28:47,1814,9.54,6.12,A2,,
1,2025-01-20,10:29:04,1815,9.68,6.12,A2,,
1,2025-01-20,10:29:26,1816,9.56,6.12,A2,,
1,2025-01-20,10:29:42,1817,9.52,6.12,A2,,
1,2025-01-20,10:29:59,1818,9.56,6.12,A2,,
1,2025-01-20,10:30:17,1819,9.42,6.12,A2,,
1,2025-01-20,10:30:35,1820,9.5,6.12,A2,,
1,2025-01-20,10:31:39,1821,9.42,6.12,A3,,
1,2025-01-20,10:31:54,1822,9.56,6.12,A3,,
1,2025-01-20,10:32:18,1823,9.48,6.12,A3,,
1,2025-01-20,10:32:41,1824,9.58,6.12,A3,,
1,2025-01-20,10:32:59,1825,9.64,6.12,A3,,
1,2025-01-20,10:33:19,1826,9.58,6.12,A3,,
1,2025-01-20,10:33:36,1827,9.44,6.12,A3,,
1,2025-01-20,10:33:53,1828,9.48,6.12,A3,,
1,2025-01-20,10:34:15,1829,9.5,6.12,A3,,
1,2025-01-20,10:34:32,1830,9.4,6.12,A3,,
1,2025-01-20,10:36:08,1831,9.44,6.12,A3,,
1,2025-01-20,10:36:21,1832,9.5,6.12,A3,,
1,2025-01-20,10:36:39,1833,9.44,6.12,A3,,
1,2025-01-20,10:36:59,1834,9.58,6.12,A3,,
1,2025-01-20,10:37:18,1835,9.54,6.12,A3,,
1,2025-01-20,10:37:41,1836,9.38,6.12,A3,,
1,2025-01-20,10:38:08,1837,9.48,6.12,A3,,
1,2025-01-20,10:38:40,1838,9.5,6.12,A3,,
1,2025-01-20,10:39:06,1839,9.5,6.12,A3,,
1,2025-01-20,10:39:21,1840,9.48,6.12,A3,,
1,2025-01-20,10:40:01,1841,9.38,6.12,A3,,
1,2025-01-20,10:40:13,1842,9.56,6.12,A3,,
1,2025-01-20,10:40:31,1843,9.54,6.12,A3,,
1,2025-01-20,10:40:47,1844,9.44,6.12,A3,,
1,2025-01-20,10:41:01,1845,9.54,6.12,A3,,
1,2025-01-20,10:41:17,1846,9.44,6.12,A3,,
1,2025-01-20,10:41:32,1847,9.46,6.12,A3,,
1,2025-01-20,10:41:55,1848,9.52,6.12,A3,,
1,2025-01-20,10:42:18,1849,9.54,6.12,A3,,
1,2025-01-20,10:42:30,1850,9.5,6.12,A3,,
1,2025-01-20,10:43:05,1851,9.36,6.12,A3,,
1,2025-01-20,10:43:37,1852,9.52,6.12,A3,,
1,2025-01-20,10:43:55,1853,9.48,6.12,A3,,
1,2025-01-20,10:44:19,1854,9.54,6.12,A4,,
1,2025-01-20,10:44:42,1855,9.6,6.12,A4,,
1,2025-01-20,10:45:07,1856,9.5,6.12,A4,,
1,2025-01-20,10:45:29,1857,9.56,6.12,A4,,
1,2025-01-20,10:45:51,1858,9.48,6.12,A4,,
1,2025-01-20,10:46:20,1859,9.4,6.12,A4,,
1,2025-01-20,10:46:39,1860,9.34,6.12,A4,,
1,2025-01-20,10:47:24,1861,9.48,6.12,A4,,
1,2025-01-20,10:47:35,1862,9.38,6.12,A4,,
1,2025-01-20,10:47:51,1863,9.48,6.12,A4,,
1,2025-01-20,10:48:12,1864,9.48,6.12,A4,,
1,2025-01-20,10:48:31,1865,9.48,6.12,A4,,
1,2025-01-20,10:48:49,1866,9.44,6.12,A4,,
1,2025-01-20,10:49:03,1867,9.44,6.12,A4,,
1,2025-01-20,10:49:20,1868,9.5,6.12,A4,,
1,2025-01-20,10:49:39,1869,9.38,6.12,A4,,
1,2025-01-20,10:49:57,1870,9.52,6.12,A4,,
1,2025-01-20,10:50:32,1871,9.5,6.12,A4,,
1,2025-01-20,10:50:48,1872,9.58,6.12,A4,,
1,2025-01-20,10:51:08,1873,9.48,6.12,A4,,
1,2025-01-20,10:51:28,1874,9.42,6.12,A4,,
1,2025-01-20,10:51:49,1875,9.42,6.12,A4,,
1,2025-01-20,10:52:08,1876,9.44,6.12,A4,,
1,2025-01-20,10:52:29,1877,9.46,6.12,A4,,
1,2025-01-20,10:52:45,1878,9.44,6.12,A4,,
1,2025-01-20,10:53:02,1879,9.44,6.12,A4,,
1,2025-01-20,10:53:14,1880,9.44,6.12,A4,,
1,2025-01-20,10:53:57,1881,9.48,6.12,A4,,
1,2025-01-20,10:54:06,1882,9.38,6.12,A4,,
1,2025-01-20,10:54:20,1883,9.42,6.12,A4,,
1,2025-01-20,10:54:36,1884,9.52,6.12,A4,,
1,2025-01-20,10:54:54,1885,9.42,6.12,A4,,
1,2025-01-20,10:55:09,1886,9.5,6.12,A4,,
1,2025-01-20,10:55:24,1887,9.48,6.12,A4,,
1,2025-01-20,10:55:38,1888,9.42,6.12,A4,,
1,2025-01-20,10:55:57,1889,9.42,6.12,A4,,
1,2025-01-20,10:56:09,1890,9.52,6.12,A5,,
1,2025-01-20,10:56:37,1891,9.38,6.12,A5,,
1,2025-01-20,10:56:56,1892,9.32,6.12,A5,,
1,2025-01-20,10:57:15,1893,9.46,6.12,A5,,
1,2025-01-20,10:57:57,1894,9.54,6.12,A5,,
1,2025-01-20,10:58:09,1895,9.52,6.12,A5,,
1,2025-01-20,10:58:23,1896,9.52,6.12,A5,,
1,2025-01-20,10:58:42,1897,9.56,6.12,A5,,
1,2025-01-20,10:58:57,1898,9.56,6.12,A5,,
1,2025-01-20,10:59:13,1899,9.46,6.12,A5,,
1,2025-01-20,10:59:27,1900,9.44,6.12,A5,,
1,2025-01-20,11:00:09,1901,9.36,6.12,A5,,
1,2025-01-20,11:00:21,1902,9.44,6.12,A5,,
1,2025-01-20,11:00:35,1903,9.48,6.12,A5,,
1,2025-01-20,11:00:52,1904,9.46,6.12,A5,,
1,2025-01-20,11:01:11,1905,9.54,6.12,A5,,
1,2025-01-20,11:01:25,1906,9.38,6.12,A5,,
1,2025-01-20,11:01:42,1907,9.6,6.12,A5,,
1,2025-01-20,11:02:04,1908,9.48,6.12,A5,,
1,2025-01-20,11:02:25,1909,9.58,6.12,A5,,
1,2025-01-20,11:02:36,1910,9.6,6.12,A5,,
1,2025-01-20,11:03:12,1911,9.52,6.12,A5,,
1,2025-01-20,11:03:26,1912,9.52,6.12,A5,,
1,2025-01-20,11:03:39,1913,9.54,6.12,A5,,
1,2025-01-20,11:03:54,1914,9.44,6.12,A5,,
1,2025-01-20,11:04:15,1915,9.48,6.12,A5,,
1,2025-01-20,11:04:33,1916,9.5,6.12,A5,,
1,2025-01-20,11:04:51,1917,9.48,6.12,A5,,
1,2025-01-20,11:05:11,1918,9.62,6.12,A5,,
1,2025-01-20,11:05:31,1919,9.34,6.12,A5,,
1,2025-01-20,11:05:44,1920,9.5,6.12,A5,,
1,2025-01-20,11:06:22,1921,9.56,6.12,A5,,
1,2025-01-20,11:06:32,1922,9.34,6.12,A5,,
1,2025-01-20,11:06:46,1923,9.52,6.12,A5,,
1,2025-01-20,11:07:00,1924,9.52,6.12,A5,,
1,2025-01-20,11:07:16,1925,9.62,6.12,A5,,
1,2025-01-20,11:07:33,1926,9.5,6.12,A5,,
1,2025-01-20,11:07:47,1927,9.54,6.12,A5,,
1,2025-01-20,11:08:03,1928,9.4,6.12,A5,,
1,2025-01-20,11:08:19,1929,9.62,6.12,A6,,
1,2025-01-20,11:08:37,1930,9.56,6.12,A6,,
1,2025-01-20,11:09:26,1931,9.42,6.12,A6,,
1,2025-01-20,11:09:38,1932,9.44,6.12,A6,,
1,2025-01-20,11:09:54,1933,9.54,6.12,A6,,
1,2025-01-20,11:10:15,1934,9.48,6.12,A6,,
1,2025-01-20,11:10:33,1935,9.48,6.12,A6,,
1,2025-01-20,11:10:50,1936,9.48,6.12,A6,,
1,2025-01-20,11:11:05,1937,9.52,6.12,A6,,
1,2025-01-20,11:11:43,1938,9.34,6.12,A6,,
1,2025-01-20,11:11:59,1939,9.42,6.12,A6,,
1,2025-01-20,11:12:13,1940,9.42,6.12,A6,,
1,2025-01-20,11:12:50,1941,9.5,6.12,A6,,
1,2025-01-20,11:13:01,1942,9.46,6.12,A6,,
1,2025-01-20,11:13:17,1943,9.54,6.12,A6,,
1,2025-01-20,11:13:33,1944,9.56,6.12,A6,,
1,2025-01-20,11:13:49,1945,9.46,6.12,A6,,
1,2025-01-20,11:14:09,1946,9.64,6.12,A6,,
1,2025-01-20,11:14:26,1947,9.54,6.12,A6,,
1,2025-01-20,11:14:43,1948,9.5,6.12,A6,,
1,2025-01-20,11:15:00,1949,9.58,6.12,A6,,
1,2025-01-20,11:15:14,1950,9.52,6.12,A6,,
1,2025-01-20,11:16:03,1951,9.4,6.12,A6,,
1,2025-01-20,11:16:16,1952,9.42,6.12,A6,,
1,2025-01-20,11:16:36,1953,9.5,6.12,A6,,
1,2025-01-20,11:16:53,1954,9.5,6.12,A6,,
1,2025-01-20,11:17:09,1955,9.48,6.12,A6,,
1,2025-01-20,11:17:25,1956,9.6,6.12,A6,,
1,2025-01-20,11:17:42,1957,9.54,6.12,A6,,
1,2025-01-20,11:17:59,1958,9.52,6.12,A6,,
1,2025-01-20,11:18:15,1959,9.44,6.12,A6,,
1,2025-01-20,11:18:37,1960,9.5,6.12,A6,,
1,2025-01-20,11:19:08,1961,9.48,6.12,A6,,
1,2025-01-20,11:19:23,1962,9.4,6.12,A6,,
1,2025-01-20,11:19:43,1963,9.46,6.12,A6,,
1,2025-01-20,11:20:02,1964,9.5,6.12,A6,,
1,2025-01-20,11:20:18,1965,9.46,6.12,A7,,
1,2025-01-20,11:20:46,1966,9.54,6.12,A7,,
1,2025-01-20,11:21:02,1967,9.54,6.12,A7,,
1,2025-01-20,11:21:21,1968,9.44,6.12,A7,,
1,2025-01-20,11:21:38,1969,9.54,6.12,A7,,
1,2025-01-20,11:21:52,1970,9.48,6.12,A7,,
1,2025-01-20,11:22:34,1971,9.5,6.12,A7,,
1,2025-01-20,11:22:47,1972,9.42,6.12,A7,,
1,2025-01-20,11:23:01,1973,9.4,6.12,A7,,
1,2025-01-20,11:23:25,1974,9.52,6.12,A7,,
1,2025-01-20,11:23:43,1975,9.46,6.12,A7,,
1,2025-01-20,11:24:00,1976,9.42,6.12,A7,,
1,2025-01-20,11:24:15,1977,9.52,6.12,A7,,
1,2025-01-20,11:24:33,1978,9.38,6.12,A7,,
1,2025-01-20,11:24:50,1979,9.48,6.12,A7,,
1,2025-01-20,11:25:05,1980,9.42,6.12,A7,,
1,2025-01-20,11:25:36,1981,9.54,6.12,A7,,
1,2025-01-20,11:25:45,1982,9.46,6.12,A7,,
1,2025-01-20,11:26:01,1983,9.44,6.12,A7,,
1,2025-01-20,11:26:18,1984,9.54,6.12,A7,,
1,2025-01-20,11:26:35,1985,9.46,6.12,A7,,
1,2025-01-20,11:26:56,1986,9.52,6.12,A7,,
1,2025-01-20,11:27:12,1987,9.34,6.12,A7,,
1,2025-01-20,11:27:31,1988,9.52,6.12,A7,,
1,2025-01-20,11:27:48,1989,9.44,6.12,A7,,
1,2025-01-20,11:28:01,1990,9.42,6.12,A7,,
1,2025-01-20,11:28:46,1991,9.44,6.12,A7,,
1,2025-01-20,11:28:57,1992,9.5,6.12,A7,,
1,2025-01-20,11:29:12,1993,9.44,6.12,A7,,
1,2025-01-20,11:29:32,1994,9.34,6.12,A7,,
1,2025-01-20,11:29:56,1995,9.48,6.12,A7,,
1,2025-01-20,11:30:09,1996,9.52,6.12,A7,,
1,2025-01-20,11:30:26,1997,9.52,6.12,A7,,
1,2025-01-20,11:30:42,1998,9.42,6.12,A7,,
1,2025-01-20,11:30:57,1999,9.48,6.12,A7,,
1,2025-01-20,11:31:12,2000,9.54,6.12,A7,,
1,2025-01-20,11:31:53,2001,9.5,6.12,A8,,
1,2025-01-20,11:32:05,2002,9.5,6.12,A8,,
1,2025-01-20,11:32:19,2003,9.46,6.12,A8,,
1,2025-01-20,11:32:35,2004,9.5,6.12,A8,,
1,2025-01-20,11:32:50,2005,9.46,6.12,A8,,
1,2025-01-20,11:33:05,2006,9.42,6.12,A8,,
1,2025-01-20,11:33:24,2007,9.36,6.12,A8,,
1,2025-01-20,11:33:43,2008,9.4,6.12,A8,,
1,2025-01-20,11:34:14,2009,9.48,6.12,A8,,
1,2025-01-20,11:34:34,2010,9.44,6.12,A8,,
1,2025-01-20,11:35:11,2011,9.4,6.12,A8,,
1,2025-01-20,11:35:23,2012,9.32,6.12,A8,,
1,2025-01-20,11:35:40,2013,9.44,6.12,A8,,
1,2025-01-20,11:35:56,2014,9.5,6.12,A8,,
1,2025-01-20,11:36:13,2015,9.48,6.12,A8,,
1,2025-01-20,11:36:37,2016,9.44,6.12,A8,,
1,2025-01-20,11:36:59,2017,9.46,6.12,A8,,
1,2025-01-20,11:37:16,2018,9.54,6.12,A8,,
1,2025-01-20,11:37:31,2019,9.38,6.12,A8,,
1,2025-01-20,11:37:52,2020,9.5,6.12,A8,,
1,2025-01-20,11:38:27,2021,9.56,6.12,A8,,
1,2025-01-20,11:38:45,2022,9.5,6.12,A8,,
1,2025-01-20,11:39:04,2023,9.46,6.12,A8,,
1,2025-01-20,11:39:21,2024,9.44,6.12,A8,,
1,2025-01-20,11:39:46,2025,9.52,6.12,A8,,
1,2025-01-20,11:40:06,2026,9.46,6.12,A8,,
1,2025-01-20,11:40:25,2027,9.42,6.12,A8,,
1,2025-01-20,11:40:43,2028,9.46,6.12,A8,,
1,2025-01-20,11:41:17,2029,9.4,6.12,A8,,
1,2025-01-20,11:41:36,2030,9.5,6.12,A8,,
1,2025-01-20,11:42:52,2031,9.38,6.12,A8,,
1,2025-01-20,11:43:02,2032,9.42,6.12,A8,,
1,2025-01-20,11:43:19,2033,9.44,6.12,A8,,
1,2025-01-20,11:43:40,2034,9.44,6.12,A8,,
1,2025-01-20,11:44:05,2035,9.5,6.12,B1,,
1,2025-01-20,11:44:25,2036,9.5,6.12,B1,,
1,2025-01-20,11:44:44,2037,9.44,6.12,B2,,
1,2025-01-20,11:45:06,2038,9.3,6.12,B2,,
1,2025-01-20,11:45:23,2039,9.4,6.12,B2,,
1,2025-01-20,11:45:36,2040,9.46,6.12,B2,,
1,2025-01-20,11:46:30,2041,9.52,6.12,B2,,
1,2025-01-20,11:46:42,2042,9.38,6.12,B2,,
1,2025-01-20,11:46:58,2043,9.36,6.12,B2,,
1,2025-01-20,11:47:13,2044,9.42,6.12,B2,,
1,2025-01-20,11:47:31,2045,9.42,6.12,B2,,
1,2025-01-20,11:47:45,2046,9.46,6.12,B2,,
1,2025-01-20,11:48:04,2047,9.5,6.12,B2,,
1,2025-01-20,11:48:20,2048,9.48,6.12,B2,,
1,2025-01-20,11:48:42,2049,9.48,6.12,B2,,
1,2025-01-20,11:48:54,2050,9.4,6.12,B2,,
1,2025-01-20,11:49:25,2051,9.5,6.12,B2,,
1,2025-01-20,11:49:35,2052,9.4,6.12,B2,,
1,2025-01-20,11:49:54,2053,9.42,6.12,B2,,
1,2025-01-20,11:50:09,2054,9.42,6.12,B2,,
1,2025-01-20,11:50:25,2055,9.62,6.12,B2,,
1,2025-01-20,11:50:41,2056,9.46,6.12,B2,,
1,2025-01-20,11:51:16,2057,9.4,6.12,B2,,
1,2025-01-20,11:51:39,2058,9.5,6.12,B2,,
1,2025-01-20,11:52:01,2059,9.34,6.12,B2,,
1,2025-01-20,11:52:12,2060,9.42,6.12,B2,,
1,2025-01-20,11:52:33,2061,9.48,6.12,B2,,
1,2025-01-20,11:52:46,2062,9.54,6.12,B2,,
1,2025-01-20,11:53:08,2063,9.5,6.12,B2,,
1,2025-01-20,11:53:22,2064,9.32,6.12,B2,,
1,2025-01-20,11:53:37,2065,9.68,6.12,B2,,
1,2025-01-20,11:53:54,2066,9.44,6.12,B2,,
1,2025-01-20,11:54:13,2067,9.5,6.12,B2,,
1,2025-01-20,11:54:26,2068,9.54,6.12,B2,,
1,2025-01-20,11:54:38,2069,9.36,6.12,B2,,
1,2025-01-20,11:55:02,2070,9.42,6.12,B2,,
1,2025-01-20,11:55:26,2071,9.44,6.12,B2,,
1,2025-01-20,11:55:39,2072,9.42,6.12,B2,,
1,2025-01-20,11:55:53,2073,9.3,6.12,B3,,
1,2025-01-20,11:56:09,2074,9.5,6.12,B3,,
1,2025-01-20,11:56:22,2075,9.48,6.12,B3,,
1,2025-01-20,11:56:34,2076,9.44,6.12,B3,,
1,2025-01-20,11:56:46,2077,9.42,6.12,B3,,
1,2025-01-20,11:56:56,2078,9.5,6.12,B3,,
1,2025-01-20,11:57:12,2079,9.44,6.12,B3,,
1,2025-01-20,11:57:23,2080,9.5,6.12,B3,,
1,2025-01-20,11:57:49,2081,9.54,6.12,B3,,
1,2025-01-20,11:58:05,2082,9.4,6.12,B3,,
1,2025-01-20,11:58:14,2083,9.52,6.12,B3,,
1,2025-01-20,11:58:24,2084,9.44,6.12,B3,,
1,2025-01-20,11:58:37,2085,9.48,6.12,B3,,
1,2025-01-20,11:58:45,2086,9.6,6.12,B3,,
1,2025-01-20,11:58:54,2087,9.52,6.12,B3,,
1,2025-01-20,11:59:04,2088,9.52,6.12,B3,,
1,2025-01-20,11:59:17,2089,9.58,6.12,B3,,
1,2025-01-20,11:59:28,2090,9.5,6.12,B3,,
1,2025-01-20,11:59:48,2091,9.46,6.12,B3,,
1,2025-01-20,11:59:56,2092,9.48,6.12,B3,,
1,2025-01-20,12:00:05,2093,9.48,6.12,B3,,
1,2025-01-20,12:00:16,2094,9.62,6.12,B3,,
1,2025-01-20,12:00:27,2095,9.46,6.12,B3,,
1,2025-01-20,12:00:38,2096,9.54,6.12,B3,,
1,2025-01-20,12:00:49,2097,9.44,6.12,B3,,
1,2025-01-20,12:01:00,2098,9.42,6.12,B3,,
1,2025-01-20,12:01:15,2099,9.54,6.12,B3,,
1,2025-01-20,12:01:26,2100,9.46,6.12,B3,,
1,2025-01-20,12:01:46,2101,9.52,6.12,B3,,
1,2025-01-20,12:01:55,2102,9.42,6.12,B3,,
1,2025-01-20,12:02:06,2103,9.5,6.12,B3,,
1,2025-01-20,12:02:16,2104,9.48,6.12,B3,,
1,2025-01-20,12:02:27,2105,9.3,6.12,B3,,
1,2025-01-20,12:02:47,2106,9.46,6.12,B3,,
1,2025-01-20,12:03:01,2107,9.44,6.12,B3,,
1,2025-01-20,12:03:13,2108,9.38,6.12,B3,,
1,2025-01-20,12:03:30,2109,9.4,6.12,B4,,
1,2025-01-20,12:03:40,2110,9.3,6.12,B4,,
1,2025-01-20,12:04:22,2111,9.44,6.12,B4,,
1,2025-01-20,12:04:34,2112,9.48,6.12,B4,,
1,2025-01-20,12:05:00,2113,9.44,6.12,B4,,
1,2025-01-20,12:05:51,2114,9.46,6.12,B4,,
1,2025-01-20,12:06:09,2115,9.62,6.12,B4,,
1,2025-01-20,12:06:25,2116,9.5,6.12,B4,,
1,2025-01-20,12:06:52,2117,9.48,6.12,B4,,
1,2025-01-20,12:07:01,2118,9.42,6.12,B4,,
1,2025-01-20,12:07:11,2119,9.44,6.12,B4,,
1,2025-01-20,12:07:21,2120,9.62,6.12,B4,,
1,2025-01-20,12:10:04,2121,9.54,6.12,B4,,
1,2025-01-20,12:10:13,2122,9.32,6.12,B4,,
1,2025-01-20,12:10:25,2123,9.44,6.12,B4,,
1,2025-01-20,12:10:38,2124,9.48,6.12,B4,,
1,2025-01-20,12:10:55,2125,9.46,6.12,B4,,
1,2025-01-20,12:11:12,2126,9.46,6.12,B4,,
1,2025-01-20,12:11:35,2127,9.52,6.12,B4,,
1,2025-01-20,12:11:53,2128,9.52,6.12,B4,,
1,2025-01-20,12:12:09,2129,9.44,6.12,B4,,
1,2025-01-20,12:12:21,2130,9.48,6.12,B4,,
1,2025-01-20,12:12:38,2131,9.52,6.12,B4,,
1,2025-01-20,12:12:55,2132,9.44,6.12,B4,,
1,2025-01-20,12:13:09,2133,9.5,6.12,B4,,
1,2025-01-20,12:13:21,2134,9.36,6.12,B4,,
1,2025-01-20,12:13:38,2135,9.48,6.12,B4,,
1,2025-01-20,12:13:53,2136,9.4,6.12,B4,,
1,2025-01-20,12:14:04,2137,9.44,6.12,B4,,
1,2025-01-20,12:14:15,2138,9.44,6.12,B4,,
1,2025-01-20,12:14:27,2139,9.42,6.12,B4,,
1,2025-01-20,12:14:38,2140,9.46,6.12,B4,,
1,2025-01-20,12:15:02,2141,9.46,6.12,B4,,
1,2025-01-20,12:15:10,2142,9.36,6.12,B4,,
1,2025-01-20,12:15:21,2143,9.46,6.12,B4,,
1,2025-01-20,12:15:43,2144,9.52,6.12,B4,,
1,2025-01-20,12:15:54,2145,9.32,6.12,B5,,
1,2025-01-20,12:16:19,2146,9.3,6.12,B5,,
1,2025-01-20,12:16:30,2147,9.38,6.12,B5,,
1,2025-01-20,12:16:39,2148,9.44,6.12,B5,,
1,2025-01-20,12:16:53,2149,9.4,6.12,B5,,
1,2025-01-20,12:17:08,2150,9.5,6.12,B5,,
1,2025-01-20,12:17:33,2151,9.46,6.12,B5,,
1,2025-01-20,12:17:44,2152,9.54,6.12,B5,,
1,2025-01-20,12:18:06,2153,9.3,6.12,B5,,
1,2025-01-20,12:18:24,2154,9.52,6.12,B5,,
1,2025-01-20,12:18:41,2155,9.4,6.12,B5,,
1,2025-01-20,12:18:50,2156,9.44,6.12,B5,,
1,2025-01-20,12:19:01,2157,9.42,6.12,B5,,
1,2025-01-20,12:19:12,2158,9.46,6.12,B5,,
1,2025-01-20,12:19:23,2159,9.38,6.12,B5,,
1,2025-01-20,12:19:44,2160,9.36,6.12,B5,,
1,2025-01-20,12:20:10,2161,9.38,6.12,B5,,
1,2025-01-20,12:20:22,2162,9.4,6.12,B5,,
1,2025-01-20,12:20:43,2163,9.38,6.12,B5,,
1,2025-01-20,12:20:58,2164,9.28,6.12,B5,,
1,2025-01-20,12:21:10,2165,9.38,6.12,B5,,
1,2025-01-20,12:21:25,2166,9.22,6.12,B5,,
1,2025-01-20,12:21:39,2167,9.22,6.12,B5,,
1,2025-01-20,12:21:54,2168,9.24,6.12,B5,,
1,2025-01-20,12:22:10,2169,9.6,6.12,B5,,
1,2025-01-20,12:22:30,2170,9.5,6.12,B5,,
1,2025-01-20,12:22:57,2171,9.52,6.12,B5,,
1,2025-01-20,12:23:08,2172,9.58,6.12,B5,,
1,2025-01-20,12:23:21,2173,9.64,6.12,B5,,
1,2025-01-20,12:23:29,2174,9.46,6.12,B5,,
1,2025-01-20,12:23:41,2175,9.5,6.12,B5,,
1,2025-01-20,12:23:52,2176,9.58,6.12,B5,,
1,2025-01-20,12:24:03,2177,9.5,6.12,B5,,
1,2025-01-20,12:24:15,2178,9.5,6.12,B5,,
1,2025-01-20,12:24:25,2179,9.44,6.12,B5,,
1,2025-01-20,12:24:40,2180,9.46,6.12,B5,,
1,2025-01-20,12:26:45,2181,9.56,6.12,B6,,
1,2025-01-20,12:27:08,2182,9.48,6.12,B6,,
1,2025-01-20,12:27:20,2183,9.54,6.12,B6,,
1,2025-01-20,12:27:29,2184,9.38,6.12,B6,,
1,2025-01-20,12:27:45,2185,9.62,6.12,B6,,
1,2025-01-20,12:27:56,2186,9.52,6.12,B6,,
1,2025-01-20,12:28:07,2187,9.5,6.12,B6,,
1,2025-01-20,12:28:19,2188,9.42,6.12,B6,,
1,2025-01-20,12:28:29,2189,9.5,6.12,B6,,
1,2025-01-20,12:28:48,2190,9.46,6.12,B6,,
1,2025-01-20,12:29:09,2191,9.48,6.12,B6,,
1,2025-01-20,12:29:16,2192,9.52,6.12,B6,,
1,2025-01-20,12:29:33,2193,9.46,6.12,B6,,
1,2025-01-20,12:29:44,2194,9.54,6.12,B6,,
1,2025-01-20,12:30:02,2195,9.52,6.12,B6,,
1,2025-01-20,12:30:12,2196,9.66,6.12,B6,,
1,2025-01-20,12:30:21,2197,9.56,6.12,B6,,
1,2025-01-20,12:30:32,2198,9.5,6.12,B6,,
1,2025-01-20,12:30:45,2199,9.5,6.12,B6,,
1,2025-01-20,12:30:56,2200,9.52,6.12,B6,,
1,2025-01-20,12:31:15,2201,9.54,6.12,B6,,
1,2025-01-20,12:31:30,2202,9.64,6.12,B6,,
1,2025-01-20,12:31:51,2203,9.54,6.12,B6,,
1,2025-01-20,12:32:00,2204,9.5,6.12,B6,,
1,2025-01-20,12:32:18,2205,9.62,6.12,B6,,
1,2025-01-20,12:32:28,2206,9.48,6.12,B6,,
1,2025-01-20,12:32:42,2207,9.54,6.12,B6,,
1,2025-01-20,12:32:52,2208,9.42,6.12,B6,,
1,2025-01-20,12:33:01,2209,9.42,6.12,B6,,
1,2025-01-20,12:33:14,2210,9.56,6.12,B6,,
1,2025-01-20,12:33:39,2211,9.6,6.12,B6,,
1,2025-01-20,12:33:46,2212,9.52,6.12,B6,,
1,2025-01-20,12:33:55,2213,9.48,6.12,B6,,
1,2025-01-20,12:34:04,2214,9.46,6.12,B6,,
1,2025-01-20,12:34:46,2216,9.46,6.12,B6,,
